,L_N,L_NE,L_E,L_SE,L_S,L_SW,L_W,L_NW,M_N,M_NW,M_W,M_SW,M_S,M_SE,M_E,M_NE,H_N,H_NW,H_W,H_SW,H_S,H_SE,H_E,H_NE
2024-02-12,2,2,2,2,2,2,2,2,3,3,3,2,2,3,3,3,3,3,3,2,2,3,3,3
2024-02-11,2,2,2,2,2,2,2,2,3,3,3,2,2,3,3,3,3,3,3,2,2,3,3,3
2024-02-10,2,2,2,2,2,2,2,2,3,3,3,2,2,3,3,3,3,3,3,2,2,3,3,3
2024-02-09,2,2,2,2,2,2,2,2,3,3,3,2,2,3,3,3,3,3,3,3,3,3,3,3
2024-02-08,3,3,3,3,3,3,3,3,4,4,4,4,4,4,4,4,4,4,4,4,4,4,4,4
2024-02-07,4,4,4,4,4,4,4,4,4,4,4,4,4,4,4,4,4,4,4,4,4,4,4,4
2024-02-06,1,1,1,1,1,1,1,1,2,2,2,2,2,2,2,2,3,3,3,3,3,3,3,3
2024-02-05,1,1,1,1,1,1,1,1,2,2,2,2,2,2,2,2,3,3,3,3,3,3,3,3
2024-02-04,1,1,1,1,1,1,1,1,2,2,2,2,2,2,2,2,3,3,3,3,3,3,3,3
2024-02-03,1,1,1,1,1,1,1,1,2,2,2,2,2,2,2,2,3,3,3,3,3,3,3,3
2024-02-02,1,1,1,1,1,1,1,1,2,2,2,2,2,2,2,2,2,2,2,2,2,2,2,2
2024-02-01,2,2,2,1,1,1,1,2,2,2,2,1,1,2,2,2,2,2,2,2,2,2,2,2
2024-01-31,2,2,2,2,2,2,2,2,2,2,2,2,2,2,2,2,2,2,2,2,2,2,2,2
2024-01-30,2,2,2,2,2,2,2,2,2,2,2,2,2,2,2,2,2,2,2,2,2,2,2,2
2024-01-29,2,2,2,2,2,2,2,2,2,2,2,2,2,2,2,2,2,2,2,2,2,2,2,2
2024-01-28,2,2,2,2,2,2,2,2,2,2,2,2,2,2,2,2,2,2,2,2,2,2,2,2
2024-01-27,2,2,2,1,1,1,1,2,2,2,2,1,1,2,2,2,2,2,2,1,1,2,2,2
2024-01-26,3,3,3,2,2,2,2,3,3,3,3,2,2,3,3,3,3,3,3,2,2,3,3,3
2024-01-25,3,3,3,2,2,2,2,3,3,3,3,2,2,3,3,3,3,3,3,2,2,3,3,3
2024-01-24,3,3,3,2,2,2,2,3,3,3,3,2,2,3,3,3,3,3,3,2,2,3,3,3
2024-01-23,3,3,3,2,2,2,2,3,3,3,3,2,2,3,3,3,3,3,3,2,2,3,3,3
2024-01-22,3,3,3,2,2,2,2,3,3,3,3,2,2,3,3,3,3,3,3,2,2,3,3,3
2024-01-21,3,3,3,2,2,2,2,3,3,3,3,2,2,3,3,3,3,3,3,3,3,3,3,3
2024-01-20,3,3,3,2,2,2,2,3,3,3,3,2,2,3,3,3,3,3,3,3,3,3,3,3
2024-01-19,3,3,3,3,2,2,3,3,3,3,3,2,2,3,3,3,3,3,3,3,3,3,3,3
2024-01-18,3,3,3,3,3,3,3,3,4,4,3,3,3,4,4,4,4,4,4,4,4,4,4,4
2024-01-17,3,3,3,3,3,3,3,3,4,4,4,3,3,4,4,4,4,4,4,4,4,4,4,4
2024-01-16,4,4,4,3,3,3,3,4,4,4,4,3,3,4,4,4,4,4,4,4,4,4,4,4
2024-01-15,4,4,4,3,3,3,3,4,4,4,4,4,4,4,4,4,4,4,4,4,4,4,4,4
2024-01-14,5,5,5,5,5,5,5,5,5,5,5,5,5,5,5,5,5,5,5,5,5,5,5,5
2024-01-13,4,4,4,4,4,4,4,4,4,4,4,4,4,4,4,4,4,4,4,4,4,4,4,4
2024-01-12,3,3,3,3,3,3,3,3,4,4,4,4,4,4,4,4,4,4,4,4,4,4,4,4
2024-01-11,3,3,3,3,3,3,3,3,4,4,4,4,4,4,4,4,4,4,4,4,4,4,4,4
2024-01-10,3,3,3,3,3,3,3,3,4,4,4,4,4,4,4,4,4,4,4,4,4,4,4,4
2024-01-09,2,2,2,2,2,2,2,2,3,3,3,3,3,3,3,3,3,3,3,3,3,3,3,3
2024-01-08,2,2,2,2,2,2,2,2,2,2,2,2,2,2,2,2,3,3,3,3,3,3,3,3
2024-01-07,2,2,2,2,2,2,2,2,3,3,3,2,2,2,3,3,3,3,3,3,3,3,3,3
2024-01-06,1,1,1,1,1,1,1,1,2,2,2,2,2,2,2,2,2,2,2,2,2,2,2,2
2024-01-05,1,1,1,1,1,1,1,1,2,2,2,2,2,2,2,2,2,2,2,2,2,2,2,2
2024-01-04,1,1,1,1,1,1,1,1,1,1,1,1,1,1,1,1,1,1,1,1,1,1,1,1
2024-01-03,1,1,1,1,1,1,1,1,1,1,1,1,1,1,1,1,1,1,1,1,1,1,1,1
2024-01-02,1,1,1,1,1,1,1,1,1,1,1,1,1,1,1,1,1,1,1,1,1,1,1,1
2024-01-01,1,1,1,1,1,1,1,1,1,1,1,1,1,1,1,1,1,1,1,1,1,1,1,1
2023-12-31,1,1,1,1,1,1,1,1,1,1,1,1,1,1,1,1,2,2,1,1,1,2,2,2
2023-12-30,1,1,1,1,1,1,1,1,1,1,1,1,1,1,1,1,2,2,1,1,1,2,2,2
2023-12-29,1,1,1,1,1,1,1,1,1,1,1,1,1,1,1,1,1,1,1,1,1,1,1,1
2023-12-28,1,1,1,1,1,1,1,1,1,1,1,1,1,1,1,1,1,1,1,1,1,1,1,1
2023-12-27,1,1,1,1,1,1,1,1,1,1,1,1,1,1,1,1,1,1,1,1,1,1,1,1
2023-12-26,1,1,1,1,1,1,1,1,1,1,1,1,1,1,1,1,2,1,1,2,2,2,2,2
2023-12-25,1,1,1,1,1,1,1,1,1,1,1,1,1,1,1,1,2,2,2,2,2,2,2,2
2023-12-24,1,1,1,1,1,1,1,1,1,1,1,1,1,1,1,1,2,2,2,2,2,2,2,2
2023-12-23,1,1,1,1,1,1,1,1,2,2,2,2,2,2,2,2,2,2,2,2,2,2,2,2
2023-12-22,1,1,1,1,1,1,1,1,1,1,1,1,1,1,1,1,1,1,1,1,1,1,1,1
2023-12-21,1,1,1,1,1,1,1,1,1,1,1,1,1,1,1,1,1,1,1,1,1,1,1,1
2023-12-20,1,1,1,1,1,1,1,1,1,1,1,1,1,1,1,1,1,1,1,1,1,1,1,1
2023-12-19,1,1,1,1,1,1,1,1,1,1,1,1,1,1,1,1,1,1,1,1,1,1,1,1
2023-12-18,1,1,1,1,1,1,1,1,1,1,1,1,1,1,1,1,2,2,2,1,1,2,2,2
2023-12-17,1,1,1,1,1,1,1,1,1,1,1,1,1,1,1,1,1,1,1,1,1,1,1,1
2023-12-16,1,1,1,1,1,1,1,1,1,1,1,1,1,1,1,1,1,1,1,1,1,1,1,1
2023-12-15,1,1,1,1,1,1,1,1,1,1,1,1,1,1,1,1,1,1,1,1,1,1,1,1
2023-12-14,1,1,1,1,1,1,1,1,2,2,2,1,1,1,2,2,2,2,2,2,2,2,2,2
2023-12-13,1,1,1,1,1,1,1,1,2,2,2,1,1,1,2,2,2,2,2,2,2,2,2,2
2023-12-12,1,1,1,1,1,1,1,1,2,2,2,1,1,1,2,2,2,2,2,1,1,2,2,2
2023-12-11,1,1,1,1,1,1,1,1,2,2,2,1,1,1,2,2,2,2,2,2,2,2,2,2
2023-12-10,1,1,1,1,1,1,1,1,2,2,2,1,1,1,2,2,2,2,2,2,2,2,2,2
2023-12-09,2,2,2,1,1,1,2,2,3,3,2,2,2,2,3,3,3,3,2,2,2,3,3,3
2023-12-08,2,2,2,2,2,2,2,2,3,3,2,2,2,2,3,3,3,3,3,3,3,3,3,3
2023-12-07,1,1,1,1,1,1,1,1,2,2,1,1,1,2,2,2,3,3,2,2,2,3,3,3
2023-12-06,1,1,1,1,1,1,1,1,3,3,2,2,2,2,3,3,3,3,2,2,2,3,3,3
2023-12-05,2,2,2,2,2,2,2,2,4,4,3,3,3,3,4,4,4,4,3,3,3,4,4,4
2023-12-04,3,3,3,2,2,2,2,3,4,4,3,3,3,3,4,4,4,4,4,4,4,4,4,4
2023-12-03,3,3,3,2,2,2,2,3,4,4,3,3,3,3,4,4,4,4,4,4,4,4,4,4
2023-12-02,1,1,1,1,1,1,1,1,3,2,2,2,2,2,3,3,3,3,2,2,2,3,3,3
2023-12-01,1,1,1,1,1,1,1,1,1,1,1,1,1,1,1,1,2,1,1,1,1,1,2,2
2023-11-30,,,,,,,,,,,,,,,,,,,,,,,,
2023-11-27,,,,,,,,,,,,,,,,,,,,,,,,
2023-11-25,,,,,,,,,,,,,,,,,,,,,,,,
2023-11-24,,,,,,,,,,,,,,,,,,,,,,,,
2023-11-22,,,,,,,,,,,,,,,,,,,,,,,,
2023-11-20,,,,,,,,,,,,,,,,,,,,,,,,
2023-11-19,,,,,,,,,,,,,,,,,,,,,,,,
2023-11-16,,,,,,,,,,,,,,,,,,,,,,,,
2023-11-10,,,,,,,,,,,,,,,,,,,,,,,,
2023-11-08,,,,,,,,,,,,,,,,,,,,,,,,
2023-11-07,,,,,,,,,,,,,,,,,,,,,,,,
2023-10-27,,,,,,,,,,,,,,,,,,,,,,,,
2023-10-13,,,,,,,,,,,,,,,,,,,,,,,,
2023-10-02,,,,,,,,,,,,,,,,,,,,,,,,
2023-05-08,,,,,,,,,,,,,,,,,,,,,,,,
2023-05-07,,,,,,,,,,,,,,,,,,,,,,,,
2023-05-06,,,,,,,,,,,,,,,,,,,,,,,,
2023-05-04,,,,,,,,,,,,,,,,,,,,,,,,
2023-05-02,,,,,,,,,,,,,,,,,,,,,,,,
2023-04-30,,,,,,,,,,,,,,,,,,,,,,,,
2023-04-27,,,,,,,,,,,,,,,,,,,,,,,,
2023-04-26,,,,,,,,,,,,,,,,,,,,,,,,
2023-04-25,,,,,,,,,,,,,,,,,,,,,,,,
2023-04-24,,,,,,,,,,,,,,,,,,,,,,,,
2023-04-23,2,2,2,2,2,2,2,2,2,2,2,2,2,2,2,2,2,2,2,2,2,2,2,2
2023-04-22,1,1,1,1,1,1,1,1,2,2,2,2,2,2,2,2,2,2,2,2,2,2,2,2
2023-04-21,1,1,1,1,1,1,1,1,1,1,1,1,1,1,1,1,2,2,2,2,2,2,2,2
2023-04-20,1,1,1,1,1,1,1,1,1,1,1,1,1,1,1,1,1,1,1,1,1,1,1,1
2023-04-19,1,1,1,1,1,1,1,1,1,1,1,1,1,1,1,1,2,1,1,1,1,2,2,2
2023-04-18,2,2,2,2,2,2,2,2,2,2,2,2,2,2,2,2,2,2,2,2,2,2,2,2
2023-04-17,2,2,2,2,2,2,2,2,1,1,2,2,2,2,2,1,1,1,2,2,2,2,2,1
2023-04-16,1,1,2,2,2,2,2,1,1,1,2,2,2,2,2,1,1,1,2,2,2,2,2,1
2023-04-15,1,1,1,1,1,1,1,1,1,1,1,1,1,1,1,1,1,1,1,1,1,1,1,1
2023-04-14,1,1,1,1,1,1,1,1,1,1,1,1,1,1,1,1,1,1,1,1,1,1,1,1
2023-04-13,3,3,3,3,3,3,3,3,3,3,3,3,3,3,3,3,3,3,3,3,3,3,3,3
2023-04-12,4,4,4,4,4,4,4,4,4,4,4,4,4,4,4,4,4,4,4,4,4,4,4,4
2023-04-11,4,4,4,4,4,4,4,4,4,4,4,4,4,4,4,4,3,3,4,4,4,4,4,3
2023-04-10,4,4,4,4,4,4,4,4,4,4,4,4,4,4,4,4,3,3,4,4,4,4,4,3
2023-04-09,3,3,3,3,3,3,3,3,3,3,3,3,3,3,3,3,3,3,3,3,3,3,3,3
2023-04-08,2,2,2,3,3,3,3,2,2,2,3,3,3,3,2,2,2,2,3,3,3,3,2,2
2023-04-07,2,2,2,3,3,3,3,2,2,2,3,3,3,3,2,2,2,2,3,3,3,3,2,2
2023-04-06,2,2,2,3,3,3,3,2,2,2,3,3,3,3,2,2,3,3,3,3,3,3,3,3
2023-04-05,4,4,4,4,4,4,4,4,4,4,4,4,4,4,4,4,4,4,4,4,4,4,4,4
2023-04-04,4,4,4,4,4,4,4,4,4,4,4,4,4,4,4,4,4,4,4,4,4,4,4,4
2023-04-03,2,2,2,2,2,2,2,2,3,3,3,3,3,3,3,3,3,3,3,3,3,3,3,3
2023-04-02,2,2,2,2,2,2,2,2,2,2,2,2,2,2,2,2,3,3,3,3,3,3,3,3
2023-04-01,3,3,3,3,3,3,3,3,4,4,4,4,4,4,4,4,4,4,4,4,4,4,4,4
2023-03-31,3,3,3,3,3,3,3,3,4,4,4,4,4,4,4,4,4,4,4,4,4,4,4,4
2023-03-30,2,2,2,2,2,2,2,2,3,3,3,3,3,3,3,3,3,3,3,3,3,3,3,3
2023-03-29,1,1,1,1,1,1,1,1,2,2,2,2,2,2,2,2,3,3,2,2,2,3,3,3
2023-03-28,2,2,2,2,2,2,2,2,2,2,2,2,2,2,2,2,3,3,2,2,2,3,3,3
2023-03-27,2,2,2,2,2,2,2,2,3,2,2,2,3,3,3,3,3,3,3,3,3,3,3,3
2023-03-26,3,3,3,3,3,3,3,3,3,3,3,3,3,3,3,3,3,3,3,3,3,3,3,3
2023-03-25,3,3,3,3,3,3,3,3,3,3,3,3,3,3,3,3,4,4,4,4,4,4,4,4
2023-03-24,2,2,2,2,2,2,2,2,3,3,3,3,3,3,3,3,3,3,3,3,3,3,3,3
2023-03-23,2,2,2,2,2,2,2,2,2,2,2,2,2,2,2,2,3,3,3,3,3,3,3,3
2023-03-22,2,2,2,2,2,2,2,2,3,3,3,3,3,3,3,3,3,3,3,3,3,3,3,3
2023-03-21,1,1,1,1,1,1,1,1,2,2,2,2,2,2,2,2,2,2,2,2,2,2,2,2
2023-03-20,1,1,1,1,1,1,1,1,2,2,2,2,2,2,2,2,2,2,2,2,2,2,2,2
2023-03-19,1,1,1,1,1,1,1,1,2,2,1,1,1,2,2,2,2,2,1,1,1,2,2,2
2023-03-18,1,1,1,1,1,1,1,1,2,2,2,2,2,2,2,2,2,2,2,2,2,2,2,2
2023-03-17,1,1,1,1,1,1,1,1,2,2,2,2,2,2,2,2,3,3,3,3,3,3,3,3
2023-03-16,2,2,2,2,2,2,2,2,3,3,3,3,3,3,3,3,3,3,3,3,3,3,3,3
2023-03-15,3,3,3,3,3,3,3,3,3,3,3,3,3,3,3,3,3,3,3,3,3,3,3,3
2023-03-14,2,2,2,2,2,2,2,2,2,2,2,2,2,2,2,2,2,2,2,2,2,2,2,2
2023-03-13,2,2,2,2,2,2,2,2,2,2,2,2,2,2,2,2,2,2,2,2,2,2,2,2
2023-03-12,2,2,2,2,2,2,2,2,2,2,2,2,2,2,2,2,3,3,3,3,3,3,3,3
2023-03-11,2,2,3,3,3,3,3,2,3,3,3,3,3,3,3,3,3,3,3,3,3,3,3,3
2023-03-10,3,3,3,3,3,3,3,3,3,3,3,3,3,3,3,3,3,3,3,3,3,3,3,3
2023-03-09,2,2,2,2,2,2,2,2,2,2,2,2,2,2,2,2,2,2,2,2,2,2,2,2
2023-03-08,2,2,2,2,2,2,2,2,2,2,2,2,2,2,2,2,2,2,2,2,2,2,2,2
2023-03-07,2,2,2,2,2,2,2,2,2,2,3,3,3,3,3,2,2,2,3,3,3,3,3,2
2023-03-06,2,2,2,2,2,2,2,2,3,3,3,3,3,3,3,3,3,3,3,3,3,3,3,3
2023-03-05,3,3,3,3,3,3,3,3,4,4,4,4,4,4,4,4,4,4,4,4,4,4,4,4
2023-03-04,2,2,2,2,2,2,2,2,2,2,2,2,2,2,2,2,3,3,2,2,2,3,3,3
2023-03-03,2,2,2,2,2,2,2,2,2,2,2,2,2,2,2,2,2,2,2,2,2,2,2,2
2023-03-02,2,2,2,2,2,2,2,2,2,2,2,2,2,2,2,2,2,2,2,2,2,2,2,2
2023-03-01,3,3,3,3,3,3,3,3,3,3,3,3,3,3,3,3,3,3,3,3,3,3,3,3
2023-02-28,3,3,3,3,3,3,3,3,3,3,3,3,3,3,3,3,4,4,4,4,4,4,4,4
2023-02-27,2,2,2,2,2,2,2,2,2,2,2,2,2,2,2,2,3,3,3,3,3,3,3,3
2023-02-26,2,2,2,1,1,1,2,2,2,2,2,2,2,2,2,2,3,3,3,3,3,3,3,3
2023-02-25,2,2,2,3,3,3,2,2,3,3,3,3,3,3,3,3,3,3,3,3,3,3,3,3
2023-02-24,2,2,2,2,2,2,2,2,3,3,3,3,3,3,3,3,3,3,3,3,3,3,3,3
2023-02-23,3,3,3,3,3,3,3,3,3,3,3,3,3,3,3,3,3,3,3,3,3,3,3,3
2023-02-22,3,3,3,3,3,3,3,3,3,3,3,3,3,3,3,3,4,4,4,4,4,4,4,4
2023-02-21,2,2,2,2,2,2,2,2,2,2,2,2,2,2,2,2,2,2,2,2,2,2,2,2
2023-02-20,1,1,1,1,1,1,1,1,1,1,1,1,1,1,1,1,2,2,2,2,2,2,2,2
2023-02-19,1,1,1,1,1,1,1,1,1,1,1,1,1,1,1,1,2,2,2,2,2,2,2,2
2023-02-18,1,1,1,1,1,1,1,1,1,1,1,1,1,1,1,1,1,1,1,1,1,1,1,1
2023-02-17,1,1,1,1,1,1,1,1,1,1,1,1,1,1,1,1,1,1,1,1,1,1,1,1
2023-02-16,1,1,1,1,1,1,1,1,2,2,2,2,2,2,2,2,2,2,2,2,2,2,2,2
2023-02-15,1,1,1,1,1,1,1,1,2,2,2,2,2,2,2,2,2,2,2,2,2,2,2,2
2023-02-14,1,1,1,1,1,1,1,1,1,1,1,1,1,1,1,1,2,2,2,2,2,2,2,2
2023-02-13,1,1,1,1,1,1,1,1,1,1,1,1,1,1,1,1,1,1,1,1,1,1,1,1
2023-02-12,1,1,1,1,1,1,1,1,1,1,1,1,1,1,1,1,1,1,1,1,1,1,1,1
2023-02-11,1,1,1,1,1,1,1,1,1,1,1,1,1,1,1,1,2,2,2,1,1,1,2,2
2023-02-10,1,1,1,1,1,1,1,1,1,1,1,1,1,1,1,1,2,2,2,2,2,2,2,2
2023-02-09,1,1,1,1,1,1,1,1,2,2,2,2,2,2,2,2,2,2,2,2,2,2,2,2
2023-02-08,1,1,1,1,1,1,1,1,2,2,2,2,2,2,2,2,2,2,2,2,2,2,2,2
2023-02-07,1,1,1,1,1,1,1,1,2,2,2,2,2,2,2,2,2,2,2,2,2,2,2,2
2023-02-06,1,1,1,1,1,1,1,1,2,2,2,2,2,2,2,2,3,3,3,3,3,3,3,3
2023-02-05,1,1,1,1,1,1,1,1,2,2,2,2,2,2,2,2,2,2,2,2,2,2,2,2
2023-02-04,1,1,1,1,1,1,1,1,2,2,2,1,1,1,2,2,2,2,2,2,2,2,2,2
2023-02-03,1,1,1,1,1,1,1,1,1,1,1,1,1,1,1,1,2,2,1,1,1,2,2,2
2023-02-02,1,1,1,1,1,1,1,1,1,1,2,2,2,2,1,1,1,1,2,2,2,2,1,1
2023-02-01,1,1,1,1,1,1,1,1,1,1,2,2,2,2,1,1,1,1,2,2,2,2,1,1
2023-01-31,1,1,1,1,1,1,1,1,2,2,2,2,2,2,2,2,2,2,2,2,2,2,2,2
2023-01-30,1,1,1,1,1,1,1,1,2,2,2,2,2,2,2,2,3,3,3,3,3,3,3,3
2023-01-29,2,2,2,2,2,2,2,2,3,3,3,3,3,3,3,3,3,3,3,3,3,3,3,3
2023-01-28,1,1,1,1,1,1,1,1,2,2,2,2,2,2,2,2,3,3,3,3,3,3,3,3
2023-01-27,1,1,1,1,1,1,1,1,1,1,1,1,1,1,1,1,2,2,2,2,2,2,2,2
2023-01-26,1,1,1,1,1,1,1,1,1,1,1,1,1,1,1,1,2,2,2,2,2,2,2,2
2023-01-25,1,1,1,1,1,1,1,1,1,1,1,1,1,1,1,1,2,2,2,2,2,2,2,2
2023-01-24,1,1,1,1,1,1,1,1,1,1,1,1,1,1,1,1,2,2,2,2,2,2,2,2
2023-01-23,1,1,1,1,1,1,1,1,1,1,1,1,1,1,1,1,2,2,2,2,2,2,2,2
2023-01-22,1,1,1,1,1,1,1,1,2,2,2,2,2,2,2,2,2,2,2,2,2,2,2,2
2023-01-21,1,1,1,1,1,1,1,1,1,1,1,1,1,1,1,1,2,2,2,2,2,2,2,2
2023-01-20,1,1,1,1,1,1,1,1,1,1,1,1,1,1,1,1,2,2,2,2,2,2,2,2
2023-01-19,1,1,1,1,1,1,1,1,2,2,2,2,2,2,2,2,2,2,2,2,2,2,2,2
2023-01-18,1,1,1,1,1,1,1,1,2,2,2,2,2,2,2,2,2,2,2,2,2,2,2,2
2023-01-17,2,2,2,2,2,2,2,2,2,2,2,2,2,2,2,2,3,3,3,3,3,3,3,3
2023-01-16,2,2,2,2,2,2,2,2,2,2,2,2,2,2,2,2,3,3,3,3,3,3,3,3
2023-01-15,2,2,2,2,2,2,2,2,2,2,2,2,2,2,2,2,3,3,3,3,3,3,3,3
2023-01-14,2,2,2,1,1,1,1,2,2,2,1,1,1,1,2,2,2,2,2,2,2,2,2,2
2023-01-13,2,2,2,2,2,2,2,2,2,2,2,2,2,2,2,2,2,2,2,2,2,2,2,2
2023-01-12,2,2,2,2,2,2,2,2,3,3,3,2,2,3,3,3,3,3,3,3,3,3,3,3
2023-01-11,3,3,3,3,3,3,3,3,4,4,4,3,3,4,4,4,4,4,4,4,4,4,4,4
2023-01-10,3,3,3,3,3,3,3,3,3,3,3,3,3,3,3,3,4,4,4,4,4,4,4,4
2023-01-09,2,2,2,1,1,1,1,2,2,2,2,2,2,2,2,2,2,2,2,2,2,2,2,2
2023-01-08,2,2,2,1,1,1,1,2,2,2,2,2,2,2,2,2,2,2,2,2,2,2,2,2
2023-01-07,2,2,2,2,2,2,2,2,3,3,2,2,2,2,3,3,3,3,3,3,3,3,3,3
2023-01-06,2,2,2,2,2,2,2,2,3,3,2,2,2,2,3,3,3,3,3,3,3,3,3,3
2023-01-05,2,2,2,1,1,1,1,2,3,3,2,2,2,2,3,3,3,3,3,2,2,3,3,3
2023-01-04,2,2,2,2,2,2,2,2,3,3,3,2,2,3,3,3,3,3,3,3,3,3,3,3
2023-01-03,3,3,3,2,2,2,2,3,3,3,3,3,3,3,3,3,3,3,3,3,3,3,3,3
2023-01-02,3,3,3,3,3,3,3,3,4,4,4,4,4,4,4,4,4,4,4,4,4,4,4,4
2023-01-01,3,3,3,3,3,3,3,3,4,4,3,3,3,3,4,4,4,4,4,4,4,4,4,4
2022-12-31,3,3,3,3,3,3,3,3,4,4,3,3,3,3,4,4,4,4,4,4,4,4,4,4
2022-12-30,2,2,2,2,2,2,2,2,3,3,3,3,3,3,3,3,3,3,3,3,3,3,3,3
2022-12-29,2,2,2,2,2,2,2,2,3,3,3,3,3,3,3,3,3,3,3,3,3,3,3,3
2022-12-28,2,2,2,2,2,2,2,2,4,4,3,3,3,4,4,4,4,4,4,4,4,4,4,4
2022-12-27,2,2,2,2,2,2,2,2,2,2,2,2,2,2,2,2,3,3,3,3,3,3,3,3
2022-12-26,2,2,2,1,1,1,1,2,2,2,1,1,1,2,2,2,2,2,1,1,1,2,2,2
2022-12-25,2,2,2,1,1,1,1,2,2,2,1,1,1,2,2,2,2,2,1,1,1,2,2,2
2022-12-24,2,2,2,1,1,1,1,2,2,2,2,2,2,2,2,2,2,2,2,2,2,2,2,2
2022-12-23,2,2,2,2,2,2,2,2,3,3,3,3,3,3,3,3,3,3,3,3,3,3,3,3
2022-12-22,2,2,2,2,2,2,2,2,3,3,3,3,3,3,3,3,4,4,4,4,4,4,4,4
2022-12-21,2,2,2,1,1,1,1,2,2,2,2,2,2,2,2,2,3,3,3,3,3,3,3,3
2022-12-20,2,2,2,1,1,1,1,2,2,2,1,1,1,1,2,2,2,2,2,2,2,2,2,2
2022-12-19,2,2,2,1,1,1,1,2,2,2,1,1,1,1,2,2,2,2,2,2,2,2,2,2
2022-12-18,3,3,3,2,2,2,2,3,3,3,2,2,2,2,3,3,3,3,2,2,2,2,3,3
2022-12-17,3,3,3,2,2,2,2,3,3,3,2,2,2,2,3,3,3,3,2,2,2,2,3,3
2022-12-16,3,3,3,2,2,2,2,3,3,3,2,2,2,2,3,3,3,3,3,3,3,3,3,3
2022-12-15,3,3,3,2,2,2,2,3,3,3,2,2,2,2,3,3,3,3,3,3,3,3,3,3
2022-12-14,3,3,3,2,2,2,2,3,3,3,2,2,2,2,3,3,3,3,3,3,3,3,3,3
2022-12-13,3,3,3,2,2,2,2,3,3,3,2,2,2,2,3,3,3,3,2,2,2,2,3,3
2022-12-12,3,3,3,2,2,2,2,3,4,4,3,3,3,3,4,4,4,4,3,3,3,3,4,4
2022-12-11,2,2,2,1,1,1,1,2,3,3,2,2,2,2,3,3,3,3,2,2,2,2,3,3
2022-12-10,2,2,2,1,1,1,1,2,3,3,2,2,2,2,3,3,3,3,2,2,2,2,3,3
2022-12-09,2,2,2,1,1,1,1,2,3,3,2,2,2,2,3,3,3,3,2,2,2,2,3,3
2022-12-08,2,2,2,2,2,2,2,2,3,3,2,2,2,2,3,3,3,3,2,2,2,2,3,3
2022-12-07,2,2,2,2,2,2,2,2,3,3,3,2,2,3,3,3,3,3,3,2,2,3,3,3
2022-12-06,2,2,2,2,2,2,2,2,3,3,3,2,2,3,3,3,3,3,3,2,2,3,3,3
2022-12-05,2,2,2,2,2,2,2,2,3,3,3,3,3,3,3,3,3,3,3,3,3,3,3,3
2022-12-04,2,2,2,2,2,2,2,2,3,3,3,3,3,3,3,3,3,3,3,3,3,3,3,3
2022-12-03,2,2,2,2,2,2,2,2,3,3,3,3,3,3,3,3,3,3,3,3,3,3,3,3
2022-12-02,3,3,3,3,3,3,3,3,4,4,4,4,4,4,4,4,4,4,4,4,4,4,4,4
2022-12-01,2,2,2,2,2,2,2,2,2,2,2,2,2,2,2,2,3,3,3,3,3,3,3,3
2022-11-30,2,2,2,2,2,2,2,2,2,2,2,2,2,2,2,2,3,3,3,3,3,3,3,3
2022-11-29,3,3,3,3,3,3,3,3,3,3,3,3,3,3,3,3,4,4,4,4,4,4,4,4
2022-11-28,1,1,1,1,1,1,1,1,2,1,1,1,2,2,2,2,2,2,2,2,2,2,2,2
2022-11-27,,,,,,,,,,,,,,,,,,,,,,,,
2022-11-25,,,,,,,,,,,,,,,,,,,,,,,,
2022-11-23,,,,,,,,,,,,,,,,,,,,,,,,
2022-11-20,,,,,,,,,,,,,,,,,,,,,,,,
2022-11-19,,,,,,,,,,,,,,,,,,,,,,,,
2022-11-18,1,1,1,1,1,1,1,1,1,1,1,1,1,1,1,1,1,1,1,1,1,1,1,1
2022-11-17,1,1,1,1,1,1,1,1,1,1,1,1,1,1,1,1,1,1,1,1,1,1,1,1
2022-11-16,1,1,1,1,1,1,1,1,1,1,1,1,1,1,1,1,1,1,1,1,1,1,1,1
2022-11-15,1,1,1,1,1,1,1,1,1,1,1,1,1,1,1,1,1,1,1,1,1,1,1,1
2022-11-14,1,1,1,1,1,1,1,1,1,1,1,1,1,1,1,1,1,1,1,1,1,1,1,1
2022-11-13,1,1,1,1,1,1,1,1,1,1,1,1,1,1,1,1,1,1,1,1,1,1,1,1
2022-11-12,1,1,1,1,1,1,1,1,1,1,1,1,1,1,1,1,2,2,2,1,1,1,2,2
2022-11-10,1,1,1,1,1,1,1,1,2,2,2,2,2,2,2,2,3,3,3,3,3,3,3,3
2022-11-09,3,3,3,3,3,3,3,3,4,4,4,4,4,4,4,4,4,4,4,4,4,4,4,4
2022-11-08,1,1,1,1,1,1,1,1,2,2,2,2,2,2,2,2,3,3,3,3,3,3,3,3
2022-11-07,1,1,1,1,1,1,1,1,2,2,2,2,2,2,2,2,3,3,3,2,2,2,3,3
2022-11-06,1,1,1,1,1,1,1,1,2,2,2,2,2,2,2,2,3,2,2,2,3,3,3,3
2022-11-05,1,1,1,1,1,1,1,1,2,2,2,2,2,2,2,2,3,2,2,2,2,3,3,3
2022-11-04,1,1,1,1,1,1,1,1,1,1,1,1,1,1,1,1,1,1,1,1,1,1,1,1
2022-11-03,,,,,,,,,,,,,,,,,,,,,,,,
2022-11-01,,,,,,,,,,,,,,,,,,,,,,,,
2022-10-28,,,,,,,,,,,,,,,,,,,,,,,,
2022-10-26,,,,,,,,,,,,,,,,,,,,,,,,
2022-10-24,,,,,,,,,,,,,,,,,,,,,,,,
2022-10-22,,,,,,,,,,,,,,,,,,,,,,,,
2022-10-17,,,,,,,,,,,,,,,,,,,,,,,,
2022-09-12,,,,,,,,,,,,,,,,,,,,,,,,
2022-05-01,,,,,,,,,,,,,,,,,,,,,,,,
2022-04-29,,,,,,,,,,,,,,,,,,,,,,,,
2022-04-24,,,,,,,,,,,,,,,,,,,,,,,,
2022-04-23,,,,,,,,,,,,,,,,,,,,,,,,
2022-04-22,,,,,,,,,,,,,,,,,,,,,,,,
2022-04-20,,,,,,,,,,,,,,,,,,,,,,,,
2022-04-18,,,,,,,,,,,,,,,,,,,,,,,,
2022-04-17,1,1,1,2,2,2,2,1,1,1,2,2,2,2,1,1,2,2,2,2,2,2,2,2
2022-04-16,1,1,1,1,1,1,1,1,2,2,2,2,2,2,2,2,2,2,2,2,2,2,2,2
2022-04-15,1,1,1,1,1,1,1,1,2,2,2,2,2,2,2,2,2,2,2,2,2,2,2,2
2022-04-14,1,1,1,1,1,1,1,1,2,2,2,2,2,2,2,2,2,2,2,2,2,2,2,2
2022-04-13,2,2,2,2,2,2,2,2,2,2,2,2,2,2,2,2,3,3,3,3,3,3,3,3
2022-04-12,2,2,2,2,2,2,2,2,2,2,2,2,2,2,2,2,3,3,3,3,3,3,3,3
2022-04-11,1,1,1,1,1,1,1,1,1,1,1,1,1,1,1,1,1,1,1,1,1,1,1,1
2022-04-10,1,1,1,1,1,1,1,1,1,1,1,1,1,1,1,1,2,2,1,1,1,1,1,2
2022-04-09,1,1,1,1,1,1,1,1,1,1,1,1,1,1,1,1,2,2,1,1,1,1,2,2
2022-04-08,2,2,2,2,2,2,2,2,2,2,2,2,2,2,2,2,1,2,2,2,2,2,2,2
2022-04-07,1,1,1,1,1,1,1,1,1,1,1,1,1,1,1,1,1,1,1,1,1,1,1,1
2022-04-06,1,1,1,1,1,1,1,1,1,1,1,1,1,1,1,1,2,2,2,2,2,2,2,2
2022-04-05,1,1,1,1,1,1,1,1,1,1,1,1,1,1,1,1,2,2,2,2,2,2,2,2
2022-04-04,1,1,1,1,1,1,1,1,1,1,1,1,1,1,1,1,1,1,1,1,1,1,1,1
2022-04-03,1,1,1,1,1,1,1,1,1,1,1,1,1,1,1,1,1,1,1,1,1,1,1,1
2022-04-02,1,1,1,1,1,1,1,1,1,1,1,1,1,1,1,1,1,1,1,1,1,1,1,1
2022-04-01,1,1,1,1,1,1,1,1,1,1,1,1,1,1,1,1,1,1,1,1,1,1,1,1
2022-03-31,1,1,1,1,1,1,1,1,2,2,2,1,1,1,2,2,2,2,2,1,1,1,2,2
2022-03-30,2,2,2,2,2,2,2,2,2,2,2,2,2,2,2,2,2,2,2,2,2,2,2,2
2022-03-29,2,2,2,2,2,2,2,2,2,2,2,2,2,2,2,2,2,2,2,2,2,2,2,2
2022-03-28,3,3,3,3,3,3,3,3,3,3,3,3,3,3,3,3,3,3,3,3,3,3,3,3
2022-03-27,3,3,3,3,3,3,3,3,4,4,3,3,3,4,4,4,4,4,3,3,3,4,4,4
2022-03-26,3,3,3,3,3,3,3,3,3,3,3,3,3,3,3,3,3,3,3,3,3,3,3,3
2022-03-25,2,2,2,2,2,2,2,2,2,2,2,2,2,2,2,2,2,2,2,2,2,2,2,2
2022-03-24,2,2,2,2,2,2,2,2,2,2,2,2,2,2,2,2,2,2,2,2,2,2,2,2
2022-03-23,2,2,2,2,2,2,2,2,2,2,2,2,2,2,2,2,2,2,2,2,2,2,2,2
2022-03-22,2,2,2,2,2,2,2,2,2,2,2,2,2,2,2,2,2,2,2,2,2,2,2,2
2022-03-21,2,2,2,1,1,1,2,2,2,2,2,1,1,1,2,2,2,2,2,2,2,2,2,2
2022-03-20,2,2,2,1,1,1,2,2,2,2,2,1,1,1,2,2,2,2,2,2,2,2,2,2
2022-03-19,2,2,2,2,2,2,2,2,2,2,2,2,2,2,2,2,2,2,2,2,2,2,2,2
2022-03-18,2,2,2,1,1,1,2,2,2,2,2,1,1,1,2,2,2,2,2,1,1,1,2,2
2022-03-17,2,2,2,2,2,2,2,2,2,2,2,2,2,2,2,2,2,2,2,2,2,2,2,2
2022-03-16,3,3,3,1,1,1,3,3,3,3,3,1,1,1,3,3,3,3,3,2,2,2,3,3
2022-03-15,3,3,3,1,1,1,3,3,3,3,3,1,1,1,3,3,3,3,3,2,2,2,3,3
2022-03-14,3,3,3,1,1,1,3,3,3,3,3,2,2,2,3,3,3,3,3,2,2,2,3,3
2022-03-13,3,3,3,1,1,1,3,3,3,3,3,2,2,2,3,3,3,3,3,2,2,2,3,3
2022-03-12,3,3,3,3,3,3,3,3,3,3,3,3,3,3,3,3,3,3,3,3,3,3,3,3
2022-03-11,3,3,3,2,2,2,3,3,3,3,3,2,2,2,3,3,3,3,3,2,2,2,3,3
2022-03-10,3,3,3,2,2,2,3,3,4,4,4,2,2,2,4,4,4,4,4,3,3,3,4,4
2022-03-09,3,3,3,3,3,3,3,3,4,4,4,3,3,3,4,4,4,4,4,3,3,3,4,4
2022-03-08,2,2,2,2,2,2,2,2,3,3,3,2,2,2,3,3,3,3,3,2,2,2,3,3
2022-03-07,1,1,1,1,1,1,1,1,2,2,2,2,2,2,2,2,2,2,2,2,2,2,2,2
2022-03-06,2,2,2,2,2,2,2,2,3,3,3,2,2,2,3,3,3,3,3,2,2,2,3,3
2022-03-05,1,1,1,1,1,1,1,1,2,2,2,2,2,2,2,2,2,2,2,2,2,2,2,2
2022-03-04,1,1,1,1,1,1,1,1,2,2,2,1,1,1,2,2,2,2,2,1,1,1,2,2
2022-03-03,2,2,2,2,2,2,2,2,2,2,2,2,2,2,2,2,2,2,2,2,2,2,2,2
2022-03-02,2,2,2,2,2,2,2,2,2,2,2,2,2,2,2,2,2,2,2,2,2,2,2,2
2022-03-01,1,1,1,1,1,1,1,1,1,1,2,2,2,2,2,1,1,1,2,2,2,2,2,1
2022-02-28,1,1,1,1,1,1,1,1,2,2,2,2,2,2,2,2,2,2,2,2,2,2,2,2
2022-02-27,2,2,3,3,3,3,3,2,2,2,3,3,3,3,3,2,2,2,3,3,3,3,3,2
2022-02-26,2,2,2,1,1,1,2,2,3,3,3,1,1,1,3,3,3,3,3,2,2,2,3,3
2022-02-25,1,1,1,1,1,1,1,1,3,3,3,2,2,2,3,3,3,3,3,2,2,2,3,3
2022-02-24,1,1,1,1,1,1,1,1,3,3,3,2,2,2,3,3,3,3,3,2,2,2,3,3
2022-02-23,2,2,2,2,2,2,2,2,3,3,3,2,2,2,3,3,3,3,3,2,2,2,3,3
2022-02-22,1,1,1,1,1,1,1,1,2,2,2,2,2,2,2,2,2,2,2,2,2,2,2,2
2022-02-21,1,1,1,1,1,1,1,1,2,2,1,1,1,1,2,2,2,2,2,2,2,2,2,2
2022-02-20,1,1,1,1,1,1,1,1,1,1,1,1,1,1,1,1,2,2,2,2,2,2,2,2
2022-02-19,1,1,1,1,1,1,1,1,1,1,1,1,1,1,1,1,1,1,1,1,1,1,1,1
2022-02-18,1,1,1,1,1,1,1,1,1,1,1,1,1,1,1,1,1,1,1,1,1,1,1,1
2022-02-17,1,1,1,1,1,1,1,1,1,1,1,1,1,1,1,1,2,2,2,2,2,2,2,2
2022-02-16,1,1,1,1,1,1,1,1,1,1,1,1,1,1,1,1,1,1,1,1,1,1,1,1
2022-02-15,1,1,1,1,1,1,1,1,1,1,1,1,1,1,1,1,1,1,1,1,1,1,1,1
2022-02-14,1,1,1,1,1,1,1,1,1,1,1,1,1,1,1,1,1,1,1,1,1,1,1,1
2022-02-13,1,1,2,2,2,2,2,1,1,1,2,2,2,2,2,1,1,1,1,1,1,1,1,1
2022-02-12,1,1,2,2,2,2,2,1,1,1,2,2,2,2,2,1,1,1,1,1,1,1,1,1
2022-02-11,1,1,1,1,1,1,1,1,1,1,1,1,1,1,1,1,1,1,1,1,1,1,1,1
2022-02-10,1,1,1,1,1,1,1,1,1,1,1,1,1,1,1,1,1,1,1,1,1,1,1,1
2022-02-09,1,1,1,1,1,1,1,1,1,1,1,1,1,1,1,1,1,1,1,1,1,1,1,1
2022-02-08,1,1,1,1,1,1,1,1,1,1,1,1,1,1,1,1,1,1,1,1,1,1,1,1
2022-02-07,1,1,1,1,1,1,1,1,1,1,1,1,1,1,1,1,1,1,1,1,1,1,1,1
2022-02-06,1,1,1,1,1,1,1,1,1,1,1,1,1,1,1,1,1,1,1,1,1,1,1,1
2022-02-05,1,1,1,1,1,1,1,1,1,1,1,1,1,1,1,1,1,1,1,1,1,1,1,1
2022-02-04,1,1,1,1,1,1,1,1,1,1,1,1,1,1,1,1,1,1,1,1,1,1,1,1
2022-02-03,1,1,1,1,1,1,1,1,1,1,1,1,1,1,1,1,1,1,1,1,1,1,1,1
2022-02-02,1,1,1,1,1,1,1,1,1,1,1,1,1,1,1,1,1,1,1,1,1,1,1,1
2022-02-01,1,1,1,1,1,1,1,1,1,1,1,1,1,1,1,1,1,1,1,1,1,1,1,1
2022-01-31,1,1,1,1,1,1,1,1,1,1,1,1,1,1,1,1,1,1,1,1,1,1,1,1
2022-01-30,1,1,1,1,1,1,1,1,1,1,1,1,1,1,1,1,1,1,1,1,1,1,1,1
2022-01-29,1,1,1,1,1,1,1,1,1,1,1,1,1,1,1,1,1,1,1,1,1,1,1,1
2022-01-28,1,1,1,1,1,1,1,1,1,1,1,1,1,1,1,1,1,1,1,1,1,1,1,1
2022-01-27,1,1,1,1,1,1,1,1,1,1,1,1,1,1,1,1,2,2,2,2,2,2,2,2
2022-01-26,1,1,1,1,1,1,1,1,1,1,1,1,1,1,1,1,1,1,1,1,1,1,1,1
2022-01-25,1,1,1,1,1,1,1,1,1,1,1,1,1,1,1,1,2,2,2,2,2,2,2,2
2022-01-24,1,1,1,1,1,1,1,1,1,1,1,1,1,1,1,1,1,1,1,1,1,1,1,1
2022-01-23,1,1,1,1,1,1,1,1,1,1,1,1,1,1,1,1,1,1,1,1,1,1,1,1
2022-01-22,1,1,1,2,2,2,1,1,1,1,1,2,2,2,1,1,2,2,2,2,2,2,2,2
2022-01-21,1,1,1,1,1,1,1,1,1,1,1,1,1,1,1,1,2,2,2,2,2,2,2,2
2022-01-20,1,1,1,1,1,1,1,1,1,1,1,1,1,1,1,1,1,1,1,1,1,1,1,1
2022-01-19,1,1,1,1,1,1,1,1,1,1,1,1,1,1,1,1,1,1,1,1,1,1,1,1
2022-01-18,1,1,1,1,1,1,1,1,1,1,1,1,1,1,1,1,1,1,1,1,1,1,1,1
2022-01-17,1,1,1,1,1,1,1,1,1,1,1,1,1,1,1,1,1,1,1,1,1,1,1,1
2022-01-16,1,1,1,1,1,1,1,1,1,1,1,1,1,1,1,1,1,1,1,1,1,1,1,1
2022-01-15,1,1,1,1,1,1,1,1,1,1,1,1,1,1,1,1,1,1,1,1,1,1,1,1
2022-01-14,1,1,1,1,1,1,1,1,2,2,2,1,1,1,2,2,2,2,2,1,1,1,2,2
2022-01-13,2,2,2,2,2,2,2,2,2,2,2,2,2,2,2,2,2,2,2,2,2,2,2,2
2022-01-12,1,1,1,1,1,1,1,1,2,2,2,1,1,1,2,2,2,2,2,1,1,1,2,2
2022-01-11,1,1,1,1,1,1,1,1,2,2,2,1,1,1,2,2,2,2,2,1,1,1,2,2
2022-01-10,1,1,1,1,1,1,1,1,2,2,2,1,1,1,2,2,2,2,2,1,1,1,2,2
2022-01-09,1,1,1,1,1,1,1,1,3,3,3,1,1,1,3,3,3,3,3,1,1,1,3,3
2022-01-08,1,1,1,1,1,1,1,1,3,3,3,2,2,2,3,3,3,3,3,2,2,2,3,3
2022-01-07,2,2,2,2,2,2,2,2,3,3,3,2,2,2,3,3,3,3,3,2,2,2,3,3
2022-01-06,3,3,3,2,2,2,3,3,4,4,4,3,3,3,4,4,4,4,4,3,3,3,4,4
2022-01-05,3,3,3,2,2,2,3,3,4,4,4,3,3,3,4,4,4,4,4,3,3,3,4,4
2022-01-04,2,2,2,1,1,1,2,2,3,3,3,2,2,2,3,3,3,3,3,2,2,2,3,3
2022-01-03,2,2,2,1,1,1,2,2,3,3,3,1,1,1,3,3,3,3,3,2,2,2,3,3
2022-01-02,2,2,2,1,1,1,2,2,3,3,3,1,1,1,3,3,3,3,3,2,2,2,3,3
2022-01-01,2,2,2,2,2,2,2,2,4,4,4,2,2,2,4,4,4,4,4,3,3,3,4,4
2021-12-31,3,3,3,3,3,3,3,3,4,4,4,3,3,3,4,4,4,4,4,4,4,4,4,4
2021-12-30,2,2,2,2,2,2,2,2,3,3,3,2,2,2,3,3,4,4,3,2,2,2,4,4
2021-12-29,2,2,2,2,2,2,2,2,3,3,3,2,2,2,3,3,3,3,3,2,2,2,3,3
2021-12-28,2,2,2,2,2,2,2,2,4,4,4,3,3,3,4,4,4,4,4,3,3,3,4,4
2021-12-27,2,2,2,2,2,2,2,2,4,4,4,3,3,3,4,4,4,4,4,3,3,3,4,4
2021-12-26,2,2,2,2,2,2,2,2,4,4,4,3,3,3,4,4,4,4,4,3,3,3,4,4
2021-12-25,2,2,2,2,2,2,2,2,4,4,4,3,3,3,4,4,4,4,4,3,3,3,4,4
2021-12-24,2,2,2,2,2,2,2,2,4,4,4,3,3,3,4,4,4,4,4,4,4,4,4,4
2021-12-23,1,1,1,1,1,1,1,1,3,3,2,2,2,2,3,3,3,3,3,3,3,3,3,3
2021-12-22,1,1,1,1,1,1,1,1,3,3,2,1,1,1,3,3,3,3,2,1,1,1,3,3
2021-12-21,1,1,1,1,1,1,1,1,3,3,2,1,1,1,3,3,3,3,2,1,1,1,3,3
2021-12-20,1,1,1,1,1,1,1,1,3,3,2,1,1,1,3,3,3,3,2,1,1,1,3,3
2021-12-19,2,2,1,1,1,1,1,2,3,3,2,1,1,1,3,3,3,3,2,2,2,2,3,3
2021-12-18,2,2,1,1,1,1,1,2,3,3,2,1,1,1,3,3,3,3,2,2,2,2,3,3
2021-12-17,2,2,2,1,1,1,2,2,3,3,2,2,2,2,3,3,3,3,2,2,2,2,3,3
2021-12-16,2,2,2,1,1,1,2,2,3,3,3,2,2,2,3,3,3,3,3,2,2,2,3,3
2021-12-15,2,2,2,2,2,2,2,2,4,4,4,2,2,2,4,4,4,4,4,3,3,3,4,4
2021-12-14,1,1,1,1,1,1,1,1,3,3,2,2,2,2,3,3,3,3,2,2,2,2,3,3
2021-12-13,1,1,1,1,1,1,1,1,3,3,2,2,2,2,3,3,3,3,2,2,2,2,3,3
2021-12-12,1,1,1,1,1,1,1,1,3,3,2,2,2,2,3,3,3,3,2,2,2,2,3,3
2021-12-11,1,1,1,1,1,1,1,1,3,3,2,1,1,1,3,3,3,3,2,2,2,2,3,3
2021-12-10,1,1,1,1,1,1,1,1,3,3,2,2,2,2,3,3,3,3,2,2,2,2,3,3
2021-12-09,1,1,1,1,1,1,1,1,2,2,1,1,1,1,2,2,2,2,2,2,2,2,2,2
2021-12-08,1,1,1,1,1,1,1,1,1,1,1,1,1,1,1,1,1,1,1,1,1,1,1,1
2021-12-07,1,1,1,1,1,1,1,1,1,1,1,1,1,1,1,1,1,1,1,1,1,1,1,1
2021-12-06,1,1,1,1,1,1,1,1,1,1,1,1,1,1,1,1,1,1,1,1,1,1,1,1
2021-12-03,,,,,,,,,,,,,,,,,,,,,,,,
2021-11-20,,,,,,,,,,,,,,,,,,,,,,,,
2021-11-19,,,,,,,,,,,,,,,,,,,,,,,,
2021-11-12,,,,,,,,,,,,,,,,,,,,,,,,
2021-11-10,,,,,,,,,,,,,,,,,,,,,,,,
2021-11-09,,,,,,,,,,,,,,,,,,,,,,,,
2021-11-03,,,,,,,,,,,,,,,,,,,,,,,,
2021-10-29,,,,,,,,,,,,,,,,,,,,,,,,
2021-10-27,,,,,,,,,,,,,,,,,,,,,,,,
2021-10-25,,,,,,,,,,,,,,,,,,,,,,,,
2021-10-22,,,,,,,,,,,,,,,,,,,,,,,,
2021-10-19,,,,,,,,,,,,,,,,,,,,,,,,
2021-10-13,,,,,,,,,,,,,,,,,,,,,,,,
2021-04-27,,,,,,,,,,,,,,,,,,,,,,,,
2021-04-27,,,,,,,,,,,,,,,,,,,,,,,,
2021-04-26,,,,,,,,,,,,,,,,,,,,,,,,
2021-04-20,,,,,,,,,,,,,,,,,,,,,,,,
2021-04-19,,,,,,,,,,,,,,,,,,,,,,,,
2021-04-18,2,2,2,2,2,2,2,2,2,2,2,2,2,2,2,2,2,2,2,2,2,2,2,2
2021-04-17,2,2,2,2,2,2,2,2,1,1,2,2,2,2,2,1,1,1,2,2,2,2,2,1
2021-04-16,1,1,1,1,1,1,1,1,1,1,1,1,1,1,1,1,1,1,1,1,1,1,1,1
2021-04-15,1,1,1,1,1,1,1,1,2,2,2,2,2,2,2,2,2,2,2,2,2,2,2,2
2021-04-14,1,1,1,1,1,1,1,1,1,1,1,1,1,1,1,1,2,2,2,2,2,2,2,2
2021-04-13,1,1,1,1,1,1,1,1,1,1,1,1,1,1,1,1,1,1,1,1,1,1,1,1
2021-04-12,1,1,1,1,1,1,1,1,1,1,1,1,1,1,1,1,1,1,1,1,1,1,1,1
2021-04-11,1,1,1,1,1,1,1,1,1,1,1,1,1,1,1,1,1,1,1,1,1,1,1,1
2021-04-10,1,1,1,1,1,1,1,1,1,1,1,1,1,1,1,1,1,1,1,1,1,1,1,1
2021-04-09,1,1,1,1,1,1,1,1,1,1,1,1,1,1,1,1,1,1,1,1,1,1,1,1
2021-04-08,1,1,1,1,1,1,1,1,1,1,1,1,1,1,1,1,1,1,1,1,1,1,1,1
2021-04-07,2,2,2,2,2,2,2,2,2,2,2,2,2,2,2,2,2,2,2,2,2,2,2,2
2021-04-06,2,2,2,2,2,2,2,2,2,2,2,2,2,2,2,2,2,2,2,2,2,2,2,2
2021-04-05,2,2,3,3,3,3,3,2,2,2,3,3,3,3,3,2,2,2,3,3,3,3,3,2
2021-04-04,2,2,3,3,3,3,3,2,2,2,3,3,3,3,3,2,2,2,3,3,3,3,3,2
2021-04-03,2,2,3,3,3,3,3,2,2,2,3,3,3,3,3,2,2,2,3,3,3,3,3,2
2021-04-02,2,2,2,2,2,2,2,2,2,2,2,2,2,2,2,2,2,2,2,2,2,2,2,2
2021-04-01,2,2,2,2,2,2,2,2,2,2,2,2,2,2,2,2,2,2,2,2,2,2,2,2
2021-03-31,1,1,1,1,1,1,1,1,1,1,1,1,1,1,1,1,1,1,1,1,1,1,1,1
2021-03-30,1,1,1,1,1,1,1,1,1,1,1,1,1,1,1,1,1,1,1,1,1,1,1,1
2021-03-29,1,1,1,1,1,1,1,1,1,1,1,1,1,1,1,1,2,2,2,2,2,2,2,2
2021-03-28,2,2,2,2,2,2,2,2,2,2,2,2,2,2,2,2,2,2,2,2,2,2,2,2
2021-03-27,2,2,3,3,3,3,3,2,2,2,3,3,3,3,3,2,2,2,3,3,3,3,3,2
2021-03-26,1,1,1,1,1,1,1,1,1,1,1,1,1,1,1,1,1,1,1,1,1,1,1,1
2021-03-25,1,1,1,1,1,1,1,1,1,1,1,1,1,1,1,1,1,1,1,1,1,1,1,1
2021-03-24,1,1,1,1,1,1,1,1,1,1,1,1,1,1,1,1,2,2,2,2,2,2,2,2
2021-03-23,1,1,1,1,1,1,1,1,1,1,1,1,1,1,1,1,2,2,2,2,2,2,2,2
2021-03-22,1,1,1,1,1,1,1,1,1,1,1,1,1,1,1,1,2,2,2,2,2,2,2,2
2021-03-21,2,2,2,2,2,2,2,2,2,2,2,2,2,2,2,2,3,3,3,3,3,3,3,3
2021-03-20,2,2,2,2,2,2,2,2,2,2,2,2,2,2,2,2,2,2,2,2,2,2,2,2
2021-03-19,1,1,1,1,1,1,1,1,1,1,1,1,1,1,1,1,1,1,1,1,1,1,1,1
2021-03-18,1,1,1,1,1,1,1,1,1,1,1,1,1,1,1,1,1,1,1,1,1,1,1,1
2021-03-17,1,1,2,2,2,2,2,1,1,1,2,2,2,2,2,1,1,1,2,2,2,2,2,1
2021-03-16,1,1,1,1,1,1,1,1,1,1,1,1,1,1,1,1,1,1,1,1,1,1,1,1
2021-03-15,1,1,1,1,1,1,1,1,2,2,2,2,2,2,2,2,2,2,2,2,2,2,2,2
2021-03-14,1,1,1,2,2,2,2,1,1,1,2,2,2,2,1,1,2,2,2,2,2,2,2,2
2021-03-13,1,1,1,1,1,1,1,1,1,1,1,1,1,1,1,1,2,2,2,2,2,2,2,2
2021-03-12,1,1,1,1,1,1,1,1,1,1,1,1,1,1,1,1,1,1,1,1,1,1,1,1
2021-03-11,1,1,1,1,1,1,1,1,1,1,1,1,1,1,1,1,1,1,1,1,1,1,1,1
2021-03-10,1,1,1,1,1,1,1,1,1,1,1,1,1,1,1,1,1,1,1,1,1,1,1,1
2021-03-09,1,1,1,1,1,1,1,1,1,1,1,1,1,1,1,1,1,1,1,1,1,1,1,1
2021-03-08,1,1,1,1,1,1,1,1,1,1,1,1,1,1,1,1,1,1,1,1,1,1,1,1
2021-03-07,1,1,1,1,1,1,1,1,1,1,1,1,1,1,1,1,1,1,1,1,1,1,1,1
2021-03-06,1,1,1,1,1,1,1,1,1,1,1,1,1,1,1,1,1,1,1,1,1,1,1,1
2021-03-05,1,1,1,1,1,1,1,1,1,1,1,1,1,1,1,1,1,1,1,1,1,1,1,1
2021-03-04,1,1,1,1,1,1,1,1,1,1,1,1,1,1,1,1,1,1,1,1,1,1,1,1
2021-03-03,1,1,2,2,2,2,2,1,1,1,2,2,2,2,2,1,1,1,2,2,2,2,2,1
2021-03-02,2,2,2,2,2,2,2,2,2,2,2,2,2,2,2,2,2,2,2,2,2,2,2,2
2021-03-01,2,2,2,3,3,3,2,2,2,2,2,3,3,3,2,2,2,2,2,3,3,3,2,2
2021-02-28,1,1,1,1,1,1,1,1,2,2,2,2,2,2,2,2,2,2,2,2,2,2,2,2
2021-02-27,2,2,2,2,2,2,2,2,3,2,2,2,3,3,3,3,3,2,2,2,3,3,3,3
2021-02-26,1,1,1,1,1,1,1,1,2,2,2,2,2,2,2,2,2,2,2,2,2,2,2,2
2021-02-25,1,1,1,1,1,1,1,1,2,2,2,2,2,2,2,2,2,2,2,2,2,2,2,2
2021-02-24,1,1,1,1,1,1,1,1,3,3,2,2,2,2,3,3,3,3,2,2,2,2,3,3
2021-02-23,2,2,2,2,2,2,2,2,3,3,2,2,2,3,3,3,3,3,3,3,3,3,3,3
2021-02-22,2,2,2,2,2,2,2,2,3,3,2,2,2,3,3,3,3,3,3,3,3,3,3,3
2021-02-21,2,2,2,2,2,2,2,2,3,3,3,2,2,3,3,3,3,3,3,3,3,3,3,3
2021-02-20,2,2,2,2,2,2,2,2,3,3,3,3,3,3,3,3,3,3,3,3,3,3,3,3
2021-02-19,2,2,2,2,2,2,2,2,3,3,3,3,3,3,3,3,4,4,4,3,3,4,4,4
2021-02-18,3,3,3,3,3,3,3,3,4,4,4,4,4,4,4,4,4,4,4,4,4,4,4,4
2021-02-17,5,5,5,5,5,5,5,5,5,5,5,5,5,5,5,5,5,5,5,5,5,5,5,5
2021-02-16,4,4,4,4,4,4,4,4,5,5,5,5,5,5,5,5,5,5,5,5,5,5,5,5
2021-02-15,2,2,2,2,2,2,2,2,3,3,3,3,3,3,3,3,4,4,4,3,3,4,4,4
2021-02-14,2,2,2,2,2,2,2,2,3,3,3,3,3,3,3,3,4,4,4,4,4,4,4,4
2021-02-13,2,2,2,2,2,2,2,2,3,3,3,3,3,3,3,3,3,3,3,3,3,3,3,3
2021-02-12,2,2,2,2,2,2,2,2,3,3,3,3,3,3,3,3,3,3,3,3,3,3,3,3
2021-02-11,1,1,1,1,1,1,1,1,3,3,2,2,2,2,3,3,3,3,3,2,2,3,3,3
2021-02-10,1,1,1,1,1,1,1,1,3,3,2,2,2,2,3,3,3,3,3,2,2,3,3,3
2021-02-09,2,2,2,2,2,2,2,2,3,3,2,2,2,3,3,3,3,3,3,3,3,3,3,3
2021-02-08,2,2,2,2,2,2,2,2,3,3,3,2,2,3,3,3,3,3,3,3,3,3,3,3
2021-02-07,2,2,2,2,2,2,2,2,3,3,3,3,3,3,3,3,4,3,3,3,3,4,4,4
2021-02-06,2,2,2,2,2,2,2,2,3,3,3,3,3,3,3,3,4,3,3,3,3,4,4,4
2021-02-05,2,2,2,2,2,2,2,2,3,3,3,2,2,3,3,3,3,3,3,3,3,3,3,3
2021-02-04,2,2,2,2,2,2,2,2,3,3,3,2,2,2,3,3,3,3,3,2,2,3,3,3
2021-02-03,2,2,2,2,2,2,2,2,3,3,3,3,3,3,3,3,4,4,3,3,3,3,4,4
2021-02-02,2,2,2,2,2,2,2,2,3,3,2,2,2,2,3,3,3,3,3,2,2,3,3,3
2021-02-01,2,2,2,2,1,1,1,2,3,3,2,2,2,3,3,3,3,3,3,3,3,3,3,3
2021-01-31,2,2,2,2,2,2,2,2,3,3,2,2,2,3,3,3,4,4,3,3,3,4,4,4
2021-01-30,2,2,2,2,2,2,2,2,3,3,3,3,3,3,3,3,4,4,3,3,3,4,4,4
2021-01-29,2,2,2,2,2,2,2,2,3,3,3,3,3,3,3,3,4,4,4,3,3,4,4,4
2021-01-28,2,2,2,2,2,2,2,2,3,3,3,3,3,3,3,3,3,3,3,3,3,3,3,3
2021-01-27,2,2,2,2,2,2,2,2,3,3,3,3,3,3,3,3,3,3,3,3,3,3,3,3
2021-01-26,2,2,2,2,2,2,2,2,3,3,3,2,2,2,3,3,3,3,3,3,3,3,3,3
2021-01-25,2,2,2,2,2,2,2,2,3,3,3,2,2,2,3,3,3,3,3,3,3,3,3,3
2021-01-24,2,2,2,2,2,2,2,2,3,3,3,3,3,3,3,3,3,3,3,3,3,3,3,3
2021-01-23,3,3,3,3,3,3,3,3,4,4,4,3,3,3,4,4,4,4,4,4,4,4,4,4
2021-01-22,1,1,1,1,1,1,1,1,2,2,2,2,2,2,2,2,2,2,2,2,2,2,2,2
2021-01-21,1,1,1,1,1,1,1,1,2,2,2,1,1,1,2,2,2,2,2,1,1,2,2,2
2021-01-20,1,1,1,1,1,1,1,1,2,2,2,1,1,1,2,2,2,2,2,2,2,2,2,2
2021-01-19,1,1,1,1,1,1,1,1,2,2,2,1,1,1,2,2,2,2,2,2,2,2,2,2
2021-01-18,1,1,1,1,1,1,1,1,2,2,2,1,1,1,2,2,2,2,2,2,2,2,2,2
2021-01-17,1,1,1,1,1,1,1,1,2,2,2,1,1,1,2,2,2,2,2,2,2,2,2,2
2021-01-16,1,1,1,1,1,1,1,1,2,2,2,1,1,2,2,2,3,3,2,2,2,2,3,3
2021-01-15,1,1,1,1,1,1,1,1,2,2,2,1,1,2,2,2,2,2,2,2,2,2,2,2
2021-01-14,1,1,1,1,1,1,1,1,3,3,3,2,2,3,3,3,3,3,3,2,2,3,3,3
2021-01-13,1,1,1,1,1,1,1,1,3,3,3,2,2,3,3,3,3,3,3,2,2,3,3,3
2021-01-12,1,1,1,1,1,1,1,1,2,2,2,1,1,1,2,2,3,3,3,2,2,2,3,3
2021-01-11,1,1,1,1,1,1,1,1,3,3,3,1,1,1,3,3,3,3,3,2,2,2,3,3
2021-01-10,1,1,1,1,1,1,1,1,3,3,3,1,1,1,3,3,3,3,3,2,2,2,3,3
2021-01-09,1,1,1,1,1,1,1,1,3,3,3,1,1,1,3,3,3,3,3,2,2,2,3,3
2021-01-08,1,1,1,1,1,1,1,1,3,3,3,1,1,1,3,3,3,3,3,2,2,2,3,3
2021-01-07,1,1,1,1,1,1,1,1,3,3,3,1,1,1,3,3,3,3,3,2,2,2,3,3
2021-01-06,1,1,1,1,1,1,1,1,3,3,3,2,2,2,3,3,3,3,3,2,2,2,3,3
2021-01-05,2,2,2,2,2,2,2,2,3,3,3,2,2,2,3,3,4,4,4,3,3,3,4,4
2021-01-04,1,1,1,1,1,1,1,1,2,2,2,1,1,2,2,2,3,3,3,2,2,3,3,3
2021-01-03,1,1,1,1,1,1,1,1,2,2,2,1,1,1,2,2,2,2,2,2,2,2,2,2
2021-01-02,1,1,1,1,1,1,1,1,2,2,2,1,1,1,2,2,2,2,2,1,1,2,2,2
2021-01-01,1,1,1,1,1,1,1,1,2,2,2,1,1,1,2,2,2,2,2,1,1,2,2,2
2020-12-31,1,1,1,1,1,1,1,1,2,2,2,2,2,2,2,2,3,3,2,2,2,2,3,3
2020-12-30,1,1,1,1,1,1,1,1,2,2,2,2,2,2,2,2,3,3,2,2,2,2,3,3
2020-12-29,1,1,1,1,1,1,1,1,3,3,3,2,2,2,3,3,3,3,3,2,2,2,3,3
2020-12-28,1,1,1,1,1,1,1,1,3,3,3,2,2,2,3,3,3,3,3,2,2,2,3,3
2020-12-27,1,1,1,1,1,1,1,1,3,3,3,2,2,2,3,3,3,3,3,2,2,2,3,3
2020-12-26,1,1,1,1,1,1,1,1,3,3,3,1,1,1,3,3,3,3,3,2,2,2,3,3
2020-12-25,1,1,1,1,1,1,1,1,3,3,3,2,2,2,3,3,3,3,3,2,2,2,3,3
2020-12-24,1,1,1,1,1,1,1,1,3,3,3,3,3,3,3,3,3,3,3,3,3,3,3,3
2020-12-23,1,1,1,1,1,1,1,1,3,3,2,2,2,3,3,3,4,4,3,3,3,4,4,4
2020-12-22,1,1,1,1,1,1,1,1,3,3,2,2,2,2,3,3,3,3,2,2,2,3,3,3
2020-12-21,2,2,2,2,2,2,2,2,3,3,2,2,2,2,3,3,3,3,2,2,2,2,3,3
2020-12-20,2,2,2,2,2,2,2,2,3,3,3,3,3,3,3,3,3,3,3,3,3,3,3,3
2020-12-19,2,2,2,2,2,2,2,2,3,3,3,3,3,3,3,3,4,4,4,4,4,4,4,4
2020-12-18,2,2,2,2,2,2,2,2,4,4,4,4,4,4,4,4,4,4,4,4,4,4,4,4
2020-12-17,2,2,2,1,1,1,2,2,3,3,3,2,2,2,3,3,3,3,3,3,3,3,3,3
2020-12-16,1,1,1,1,1,1,1,1,2,2,2,1,1,2,2,2,3,3,2,2,2,3,3,3
2020-12-15,1,1,1,1,1,1,1,1,2,2,2,1,1,2,2,2,3,3,2,2,2,2,3,3
2020-12-14,1,1,1,1,1,1,1,1,3,3,2,2,2,2,3,3,3,3,2,2,2,2,3,3
2020-12-13,1,1,1,1,1,1,1,1,2,2,1,1,1,1,2,2,2,2,2,2,2,2,2,2
2020-12-12,1,1,1,1,1,1,1,1,1,1,1,1,1,1,1,1,2,2,2,2,2,2,2,2
2020-12-11,1,1,1,1,1,1,1,1,1,1,1,1,1,1,1,1,1,1,1,1,1,1,1,1
2020-12-10,1,1,1,1,1,1,1,1,1,1,1,1,1,1,1,1,1,1,1,1,1,1,1,1
2020-12-09,1,1,1,1,1,1,1,1,1,1,1,1,1,1,1,1,1,1,1,1,1,1,1,1
2020-12-08,1,1,1,1,1,1,1,1,1,1,1,1,1,1,1,1,1,1,1,1,1,1,1,1
2020-12-07,1,1,1,1,1,1,1,1,1,1,1,1,1,1,1,1,1,1,1,1,1,1,1,1
2020-12-06,1,1,1,1,1,1,1,1,1,1,1,1,1,1,1,1,1,1,1,1,1,1,1,1
2020-12-05,1,1,1,1,1,1,1,1,1,1,1,1,1,1,1,1,1,1,1,1,1,1,1,1
2020-12-04,1,1,1,1,1,1,1,1,1,1,1,1,1,1,1,1,1,1,1,1,1,1,1,1
2020-12-03,1,1,1,1,1,1,1,1,1,1,1,1,1,1,1,1,1,1,1,1,1,1,1,1
2020-12-02,1,1,1,1,1,1,1,1,1,1,1,1,1,1,1,1,1,1,1,1,1,1,1,1
2020-12-01,1,1,1,1,1,1,1,1,1,1,1,1,1,1,1,1,2,2,2,2,2,2,2,2
2020-11-30,1,1,1,1,1,1,1,1,1,1,1,1,1,1,1,1,1,1,1,1,1,1,1,1
2020-11-29,1,1,1,1,1,1,1,1,1,1,1,1,1,1,1,1,1,1,1,1,1,1,1,1
2020-11-28,1,1,1,1,1,1,1,1,1,1,1,1,1,1,1,1,1,1,1,1,1,1,1,1
2020-11-27,1,1,1,1,1,1,1,1,1,1,1,1,1,1,1,1,1,1,1,1,1,1,1,1
2020-11-26,1,1,1,1,1,1,1,1,1,1,1,1,1,1,1,1,1,1,1,1,1,1,1,1
2020-11-25,1,1,1,1,1,1,1,1,1,1,1,1,1,1,1,1,1,1,1,1,1,1,1,1
2020-11-24,1,1,1,1,1,1,1,1,1,1,1,1,1,1,1,1,1,1,1,1,1,1,1,1
2020-11-23,1,1,1,1,1,1,1,1,1,1,1,1,1,1,1,1,1,1,1,1,1,1,1,1
2020-11-22,1,1,1,1,1,1,1,1,1,1,1,1,1,1,1,1,1,1,1,1,1,1,1,1
2020-11-21,1,1,1,1,1,1,1,1,1,1,1,1,1,1,1,1,1,1,1,1,1,1,1,1
2020-11-20,1,1,1,1,1,1,1,1,1,1,1,1,1,1,1,1,1,1,1,1,1,1,1,1
2020-11-19,1,1,1,1,1,1,1,1,1,1,1,1,1,1,1,1,1,1,1,1,1,1,1,1
2020-11-18,1,1,1,1,1,1,1,1,2,2,1,1,1,2,2,2,2,2,1,1,1,2,2,2
2020-11-17,1,1,1,2,2,2,1,1,1,1,1,2,2,2,1,1,1,1,1,2,2,2,1,1
2020-11-16,1,1,1,2,2,2,1,1,1,1,1,2,2,2,1,1,1,1,1,2,2,2,1,1
2020-11-15,1,1,1,1,1,1,1,1,2,2,2,2,2,2,2,2,3,3,3,3,3,3,3,3
2020-11-14,2,2,2,2,2,2,2,2,3,3,3,3,3,3,3,3,3,3,3,3,3,3,3,3
2020-11-13,1,1,1,1,1,1,1,1,2,2,2,2,2,2,2,2,2,2,2,2,2,2,2,2
2020-11-12,,,,,,,,,,,,,,,,,,,,,,,,
2020-11-11,,,,,,,,,,,,,,,,,,,,,,,,
2020-11-10,,,,,,,,,,,,,,,,,,,,,,,,
2020-11-09,,,,,,,,,,,,,,,,,,,,,,,,
2020-11-07,,,,,,,,,,,,,,,,,,,,,,,,
2020-10-29,,,,,,,,,,,,,,,,,,,,,,,,
2020-04-28,,,,,,,,,,,,,,,,,,,,,,,,
2020-04-23,,,,,,,,,,,,,,,,,,,,,,,,
2020-04-23,,,,,,,,,,,,,,,,,,,,,,,,
2020-04-20,,,,,,,,,,,,,,,,,,,,,,,,
2020-04-19,2,2,2,2,2,2,2,2,2,2,2,2,2,2,2,2,2,2,2,2,2,2,2,2
2020-04-18,1,1,3,3,3,3,3,1,2,2,3,3,3,3,3,2,2,2,3,3,3,3,3,2
2020-04-17,1,1,3,3,3,3,3,1,2,2,3,3,3,3,3,2,3,3,3,3,3,3,3,3
2020-04-16,1,1,1,1,1,1,1,1,2,2,2,2,2,2,2,2,2,2,2,2,2,2,2,2
2020-04-15,1,1,1,1,1,1,1,1,1,1,1,1,1,1,1,1,1,1,1,1,1,1,1,1
2020-04-14,1,1,1,1,1,1,1,1,1,1,1,1,1,1,1,1,1,1,1,1,1,1,1,1
2020-04-13,1,1,1,1,1,1,1,1,1,1,1,1,1,1,1,1,1,1,1,1,1,1,1,1
2020-04-12,1,1,1,1,1,1,1,1,1,1,1,1,1,1,1,1,1,1,1,1,1,1,1,1
2020-04-11,1,1,1,1,1,1,1,1,1,1,1,1,1,1,1,1,1,1,1,1,1,1,1,1
2020-04-10,1,1,1,1,1,1,1,1,1,1,1,1,1,1,1,1,1,1,1,1,1,1,1,1
2020-04-09,1,1,1,1,1,1,1,1,1,1,1,1,1,1,1,1,1,1,1,1,1,1,1,1
2020-04-08,2,2,2,2,2,2,2,2,2,2,2,2,2,2,2,2,2,2,2,2,2,2,2,2
2020-04-07,2,2,2,2,2,2,2,2,2,2,2,2,2,2,2,2,2,2,2,2,2,2,2,2
2020-04-06,1,1,1,1,1,1,1,1,1,1,1,1,1,1,1,1,2,2,2,2,2,2,2,2
2020-04-05,1,1,1,1,1,1,1,1,1,1,1,1,1,1,1,1,2,2,1,1,2,2,2,2
2020-04-04,1,1,2,2,2,2,2,1,1,1,2,2,2,2,2,1,2,2,2,2,2,2,2,2
2020-04-03,1,1,1,1,1,1,1,1,1,1,1,1,1,1,1,1,1,1,1,1,1,1,1,1
2020-04-02,1,1,1,1,1,1,1,1,1,1,1,1,1,1,1,1,2,2,2,2,2,2,2,2
2020-04-01,2,2,2,2,2,2,2,2,2,2,2,2,2,2,2,2,2,2,2,2,2,2,2,2
2020-03-31,1,1,1,1,1,1,1,1,2,2,2,2,2,2,2,2,3,3,3,3,3,3,3,3
2020-03-30,1,1,1,1,1,1,1,1,1,1,1,1,1,1,1,1,2,2,2,2,2,2,2,2
2020-03-29,1,1,1,1,1,1,1,1,1,1,1,1,1,1,1,1,2,2,2,2,2,2,2,2
2020-03-28,1,1,1,1,1,1,1,1,1,1,1,1,1,1,1,1,2,2,2,2,2,2,2,2
2020-03-27,1,1,1,1,1,1,1,1,1,1,1,1,1,1,1,1,2,2,2,2,2,2,2,2
2020-03-26,2,2,2,2,2,2,2,2,3,3,3,3,3,3,3,3,3,3,3,3,3,3,3,3
2020-03-25,1,1,1,1,1,1,1,1,2,2,2,2,2,2,2,2,3,3,3,3,3,3,3,3
2020-03-24,1,1,1,1,1,1,1,1,1,1,1,1,1,1,1,1,2,1,1,1,2,2,2,2
2020-03-23,1,1,1,1,1,1,1,1,1,1,1,1,1,1,1,1,1,1,1,1,1,1,1,1
2020-03-22,1,1,1,1,1,1,1,1,1,1,1,1,1,1,1,1,1,1,1,1,1,1,1,1
2020-03-21,1,1,1,1,1,1,1,1,1,1,1,1,1,1,1,1,1,1,1,1,1,1,1,1
2020-03-20,1,1,1,1,1,1,1,1,1,1,1,1,1,1,1,1,1,1,1,1,1,1,1,1
2020-03-19,1,1,1,1,1,1,1,1,1,1,1,1,1,1,1,1,2,2,2,2,2,2,2,2
2020-03-18,1,1,1,1,1,1,1,1,2,2,2,2,2,2,2,2,2,2,2,2,2,2,2,2
2020-03-17,1,1,1,1,1,1,1,1,1,1,1,1,1,1,1,1,1,1,1,1,1,1,1,1
2020-03-16,1,1,1,1,1,1,1,1,1,1,1,1,1,1,1,1,1,1,1,1,1,1,1,1
2020-03-15,1,1,1,1,1,1,1,1,2,2,2,2,2,2,2,2,2,2,2,2,2,2,2,2
2020-03-14,1,1,1,1,1,1,1,1,1,1,1,1,1,1,1,1,2,2,2,2,2,2,2,2
2020-03-13,1,1,1,1,1,1,1,1,1,1,1,1,1,1,1,1,1,1,1,1,1,1,1,1
2020-03-12,1,1,2,2,2,2,2,1,1,1,2,2,2,2,2,1,1,1,2,2,2,2,2,1
2020-03-11,1,1,1,1,1,1,1,1,1,1,1,1,1,1,1,1,2,2,1,1,2,2,2,2
2020-03-10,1,1,2,2,2,2,2,1,1,1,2,2,2,2,2,1,2,2,2,2,2,2,2,2
2020-03-09,1,1,1,1,1,1,1,1,1,1,1,1,1,1,1,1,2,2,1,1,1,2,2,2
2020-03-08,2,2,2,2,2,2,2,2,2,2,2,2,2,2,2,2,2,2,2,2,2,2,2,2
2020-03-07,1,1,1,1,1,1,1,1,1,1,1,1,1,1,1,1,1,1,1,1,1,1,1,1
2020-03-06,1,1,1,1,1,1,1,1,1,1,1,1,1,1,1,1,1,1,1,1,1,1,1,1
2020-03-05,1,1,1,1,1,1,1,1,1,1,1,1,1,1,1,1,1,1,1,1,1,1,1,1
2020-03-04,1,1,1,1,1,1,1,1,1,1,1,1,1,1,1,1,1,1,1,1,1,1,1,1
2020-03-03,1,1,1,1,1,1,1,1,1,1,1,1,1,1,1,1,1,1,1,1,1,1,1,1
2020-03-02,1,1,2,2,2,2,2,1,1,1,2,2,2,2,2,1,2,2,2,2,2,2,2,2
2020-03-01,1,1,1,1,1,1,1,1,2,2,2,2,2,2,2,2,2,2,2,2,2,2,2,2
2020-02-29,1,1,1,1,1,1,1,1,1,1,1,1,1,1,1,1,1,1,1,1,1,1,1,1
2020-02-28,1,1,1,1,1,1,1,1,1,1,1,1,1,1,1,1,1,1,1,1,1,1,1,1
2020-02-27,1,1,1,1,1,1,1,1,1,1,1,1,1,1,1,1,1,1,1,1,1,1,1,1
2020-02-26,1,1,1,1,1,1,1,1,1,1,1,1,1,1,1,1,1,1,1,1,1,1,1,1
2020-02-25,1,1,1,1,1,1,1,1,1,1,1,1,1,1,1,1,2,2,2,2,2,2,2,2
2020-02-24,1,1,1,1,1,1,1,1,2,2,2,2,2,2,2,2,2,2,2,2,2,2,2,2
2020-02-23,1,1,1,1,1,1,1,1,1,1,1,1,1,1,1,1,1,1,1,1,1,1,1,1
2020-02-22,1,1,1,1,1,1,1,1,1,1,1,1,1,1,1,1,1,1,1,1,1,1,1,1
2020-02-21,1,1,1,1,1,1,1,1,1,1,1,1,1,1,1,1,1,1,1,1,1,1,1,1
2020-02-20,1,1,1,1,1,1,1,1,1,1,1,1,1,1,1,1,2,2,2,2,2,2,2,2
2020-02-19,1,1,1,1,1,1,1,1,2,2,2,2,2,2,2,2,2,2,2,2,2,2,2,2
2020-02-18,2,2,2,2,2,2,2,2,2,2,2,2,2,2,2,2,3,3,3,3,3,3,3,3
2020-02-17,2,2,2,2,2,2,2,2,3,3,3,3,3,3,3,3,4,4,4,4,4,4,4,4
2020-02-16,2,2,2,2,2,2,2,2,2,2,2,2,2,2,2,2,2,2,2,2,2,2,2,2
2020-02-15,1,1,1,1,1,1,1,1,1,1,1,1,1,1,1,1,1,1,1,1,1,1,1,1
2020-02-14,1,1,1,1,1,1,1,1,1,1,1,1,1,1,1,1,1,1,1,1,1,1,1,1
2020-02-13,1,1,1,1,1,1,1,1,1,1,1,1,1,1,1,1,1,1,1,1,1,1,1,1
2020-02-12,1,1,1,1,1,1,1,1,1,1,1,1,1,1,1,1,1,1,1,2,2,2,1,1
2020-02-11,1,1,1,1,1,1,1,1,1,1,1,1,1,1,1,1,2,2,2,2,2,2,2,2
2020-02-10,1,1,1,1,1,1,1,1,2,2,2,2,2,2,2,2,2,2,2,2,2,2,2,2
2020-02-09,2,2,2,2,2,2,2,2,2,2,2,2,2,2,2,2,2,2,2,2,2,2,2,2
2020-02-08,2,2,2,2,2,2,2,2,3,3,3,3,3,3,3,3,3,3,3,3,3,3,3,3
2020-02-07,3,3,3,3,3,3,3,3,4,4,4,4,4,4,4,4,4,4,4,4,4,4,4,4
2020-02-06,2,2,2,2,2,2,2,2,3,3,3,3,3,3,3,3,4,4,4,4,4,4,4,4
2020-02-05,1,1,1,1,1,1,1,1,1,1,2,2,2,2,2,1,2,2,2,2,2,2,2,2
2020-02-04,2,2,2,2,2,2,2,2,2,2,2,2,2,2,2,2,2,2,2,2,2,2,2,2
2020-02-03,3,3,3,3,3,3,3,3,3,3,3,3,3,3,3,3,3,3,3,3,3,3,3,3
2020-02-02,1,1,1,1,1,1,1,1,2,2,2,2,2,2,2,2,2,2,2,2,2,2,2,2
2020-02-01,1,1,1,2,2,2,2,1,1,1,2,2,2,2,1,1,1,1,2,2,2,2,1,1
2020-01-31,1,1,1,1,1,1,1,1,1,1,1,1,1,1,1,1,2,2,2,2,2,2,2,2
2020-01-30,1,1,1,1,1,1,1,1,1,1,1,1,1,1,1,1,2,2,2,2,2,2,2,2
2020-01-29,1,1,1,1,1,1,1,1,1,1,1,1,1,1,1,1,2,2,2,2,2,2,2,2
2020-01-28,1,1,1,1,1,1,1,1,2,2,2,2,2,2,2,2,2,2,2,2,2,2,2,2
2020-01-27,1,1,1,1,1,1,1,1,2,2,2,2,2,2,2,2,3,2,2,2,3,3,3,3
2020-01-26,1,1,1,1,1,1,1,1,1,1,1,1,1,1,1,1,1,1,1,1,1,1,1,1
2020-01-25,1,1,1,1,1,1,1,1,1,1,1,1,1,1,1,1,1,1,1,1,1,1,1,1
2020-01-24,1,1,1,1,1,1,1,1,1,1,1,1,1,1,1,1,2,2,2,2,2,2,2,2
2020-01-23,1,1,1,1,1,1,1,1,1,1,1,1,1,1,1,1,2,2,2,2,2,2,2,2
2020-01-22,1,1,1,1,1,1,1,1,1,1,1,1,1,1,1,1,2,2,2,2,2,2,2,2
2020-01-21,1,1,1,1,1,1,1,1,1,1,2,2,2,2,2,1,1,1,2,2,2,2,2,1
2020-01-20,1,1,1,1,1,1,1,1,2,2,2,2,2,2,2,2,2,2,2,2,2,2,2,2
2020-01-19,1,1,1,2,2,2,1,1,1,1,1,2,2,2,1,1,2,2,2,2,2,2,2,2
2020-01-18,1,1,1,1,1,1,1,1,2,2,2,2,2,2,2,2,3,3,3,3,3,3,3,3
2020-01-17,2,2,2,2,2,2,2,2,3,3,3,3,3,3,3,3,3,3,3,3,3,3,3,3
2020-01-16,2,2,2,2,2,2,2,2,3,3,3,2,2,2,3,3,3,3,3,3,3,3,3,3
2020-01-15,2,2,2,2,2,2,2,2,3,3,3,3,3,3,3,3,3,3,3,3,3,3,3,3
2020-01-14,2,2,2,2,2,2,2,2,3,3,3,3,3,3,3,3,3,3,3,3,3,3,3,3
2020-01-13,2,2,2,2,2,2,2,2,3,3,3,3,3,3,3,3,4,3,3,3,4,4,4,4
2020-01-12,2,2,2,2,2,2,2,2,3,3,3,3,3,3,3,3,3,3,3,3,3,3,3,3
2020-01-11,2,2,2,2,2,2,2,2,2,2,2,2,2,2,2,2,3,3,3,3,3,3,3,3
2020-01-10,1,1,1,1,1,1,1,1,2,2,2,2,2,2,2,2,3,3,3,3,3,3,3,3
2020-01-09,1,1,1,1,1,1,1,1,2,2,2,2,2,2,2,2,3,3,3,3,3,3,3,3
2020-01-08,1,1,1,1,1,1,1,1,2,2,2,2,2,2,2,2,2,2,2,2,2,2,2,2
2020-01-07,1,1,1,1,1,1,1,1,1,1,2,2,2,2,1,1,2,2,2,2,2,2,2,2
2020-01-06,1,1,1,1,1,1,1,1,2,2,2,2,2,2,2,2,3,3,3,3,3,3,3,3
2020-01-05,1,1,1,1,1,1,1,1,2,2,2,2,2,2,2,2,3,3,3,3,3,3,3,3
2020-01-04,1,1,1,1,1,1,1,1,2,2,2,2,2,2,2,2,3,3,3,3,3,3,3,3
2020-01-03,2,2,2,2,2,2,2,2,3,3,2,2,2,3,3,3,3,3,3,3,3,3,3,3
2020-01-02,2,2,2,2,2,2,2,2,3,3,3,3,3,3,3,3,4,4,4,4,4,4,4,4
2020-01-01,2,2,2,2,2,2,2,2,3,3,3,3,3,3,3,3,3,3,3,3,3,3,3,3
2019-12-31,1,1,1,1,1,1,1,1,1,1,1,1,1,1,1,1,2,2,1,1,1,1,2,2
2019-12-30,1,1,1,1,1,1,1,1,1,1,1,1,1,1,1,1,2,2,2,2,2,2,2,2
2019-12-29,1,1,1,1,1,1,1,1,1,1,1,1,1,1,1,1,2,2,2,2,2,2,2,2
2019-12-28,1,1,1,1,1,1,1,1,1,1,1,1,1,1,1,1,2,2,2,2,2,2,2,2
2019-12-27,1,1,1,1,1,1,1,1,2,2,1,1,1,1,2,2,2,2,2,2,2,2,2,2
2019-12-26,1,1,1,1,1,1,1,1,2,2,2,2,2,2,2,2,2,2,2,2,2,2,2,2
2019-12-25,1,1,1,1,1,1,1,1,2,2,1,1,1,1,2,2,2,2,2,2,2,2,2,2
2019-12-24,1,1,1,1,1,1,1,1,2,2,1,1,1,1,2,2,2,2,2,2,2,2,2,2
2019-12-23,1,1,1,1,1,1,1,1,2,2,2,2,2,2,2,2,2,2,2,2,2,2,2,2
2019-12-22,2,2,2,1,1,1,1,2,2,2,2,1,1,2,2,2,2,2,2,2,2,2,2,2
2019-12-21,1,1,1,1,1,1,1,1,2,2,1,1,1,1,2,2,2,2,2,2,2,2,2,2
2019-12-20,1,1,1,1,1,1,1,1,2,2,1,1,1,1,2,2,2,2,1,1,1,1,2,2
2019-12-19,1,1,1,1,1,1,1,1,2,2,2,2,2,2,2,2,2,2,2,2,2,2,2,2
2019-12-18,1,1,1,1,1,1,1,1,2,2,2,2,2,2,2,2,3,3,2,2,2,2,3,3
2019-12-17,1,1,1,1,1,1,1,1,3,3,2,2,2,2,3,3,3,3,2,2,2,2,3,3
2019-12-16,1,1,1,1,1,1,1,1,3,3,2,2,2,2,3,3,3,3,2,2,2,2,3,3
2019-12-15,2,2,2,2,2,2,2,2,3,3,3,3,3,3,3,3,3,3,3,3,3,3,3,3
2019-12-14,2,2,2,2,2,2,2,2,4,4,3,3,3,3,4,4,4,4,4,4,4,4,4,4
2019-12-13,2,2,2,2,2,2,2,2,3,3,3,3,3,3,3,3,4,4,3,3,3,3,4,4
2019-12-12,1,1,1,1,1,1,1,1,3,3,2,2,2,2,3,3,3,3,2,2,2,2,3,3
2019-12-11,1,1,1,1,1,1,1,1,3,3,2,2,2,2,3,3,3,3,2,2,2,2,3,3
2019-12-10,1,1,1,1,1,1,1,1,3,3,2,2,2,2,3,3,3,3,2,2,2,2,3,3
2019-12-09,1,1,1,1,1,1,1,1,3,3,2,2,2,2,3,3,3,3,2,2,2,2,3,3
2019-12-08,1,1,1,1,1,1,1,1,3,3,2,2,2,2,3,3,3,3,2,2,2,2,3,3
2019-12-07,1,1,1,1,1,1,1,1,3,3,2,1,1,1,3,3,3,3,2,2,2,2,3,3
2019-12-06,1,1,1,1,1,1,1,1,3,3,1,1,1,1,3,3,3,3,2,2,2,2,3,3
2019-12-05,1,1,1,1,1,1,1,1,3,3,2,2,2,2,3,3,3,3,2,2,2,2,3,3
2019-12-04,1,1,1,1,1,1,1,1,3,3,2,2,2,2,3,3,3,3,3,2,2,3,3,3
2019-12-03,1,1,1,1,1,1,1,1,3,3,2,2,2,2,3,3,3,3,3,2,2,3,3,3
2019-12-02,1,1,1,1,1,1,1,1,3,3,2,2,2,2,3,3,3,3,3,2,2,2,3,3
2019-12-01,2,2,2,2,2,2,2,2,4,4,3,2,2,2,3,4,4,4,3,2,2,2,3,4
2019-11-30,2,2,2,2,2,2,2,2,4,4,3,3,3,3,3,4,4,4,4,4,4,4,4,4
2019-11-29,2,2,2,2,2,2,2,2,4,4,3,3,3,3,3,4,4,4,4,4,4,4,4,4
2019-11-28,2,2,2,2,2,2,2,2,3,3,3,3,3,3,3,3,4,4,4,3,3,3,4,4
2019-11-27,1,1,1,1,1,1,1,1,2,2,2,1,1,1,2,2,3,3,3,2,2,2,3,3
2019-11-26,1,1,1,1,1,1,1,1,2,2,1,1,1,1,2,2,3,3,2,1,1,1,2,3
2019-11-25,1,1,1,1,1,1,1,1,2,2,1,1,1,1,2,2,2,2,2,1,1,1,2,2
2019-11-24,,,,,,,,,,,,,,,,,,,,,,,,
2019-11-22,,,,,,,,,,,,,,,,,,,,,,,,
2019-11-21,,,,,,,,,,,,,,,,,,,,,,,,
2019-11-20,,,,,,,,,,,,,,,,,,,,,,,,
2019-11-15,,,,,,,,,,,,,,,,,,,,,,,,
2019-11-12,,,,,,,,,,,,,,,,,,,,,,,,
2019-10-30,,,,,,,,,,,,,,,,,,,,,,,,
2019-10-28,,,,,,,,,,,,,,,,,,,,,,,,
2019-10-25,,,,,,,,,,,,,,,,,,,,,,,,
2019-10-20,,,,,,,,,,,,,,,,,,,,,,,,
2019-09-27,,,,,,,,,,,,,,,,,,,,,,,,
2019-05-01,,,,,,,,,,,,,,,,,,,,,,,,
2019-04-30,,,,,,,,,,,,,,,,,,,,,,,,
2019-04-21,1,1,1,1,1,1,1,1,2,2,2,2,2,2,2,2,2,2,2,2,2,2,2,2
2019-04-21,1,1,1,1,1,1,1,1,2,2,2,2,2,2,2,2,2,2,2,2,2,2,2,2
2019-04-20,2,2,2,2,2,2,2,2,2,2,3,3,3,3,3,2,2,2,3,3,3,3,3,2
2019-04-19,2,2,2,2,2,2,2,2,2,2,3,3,3,3,2,2,2,2,3,3,3,3,2,2
2019-04-18,2,2,2,2,2,2,2,2,2,2,3,3,3,3,3,2,2,2,3,3,3,3,3,2
2019-04-17,2,2,2,2,2,2,2,2,3,3,3,3,3,3,3,3,3,3,3,3,3,3,3,3
2019-04-16,2,2,2,2,2,2,2,2,3,3,3,3,3,3,3,3,3,3,3,3,3,3,3,3
2019-04-15,2,2,2,2,2,2,2,2,2,2,2,2,2,2,2,2,2,2,2,2,2,2,2,2
2019-04-14,1,1,1,1,1,1,1,1,2,2,2,2,2,2,2,2,2,2,2,2,2,2,2,2
2019-04-13,1,1,2,2,2,2,2,1,1,1,2,2,2,2,2,1,1,1,2,2,2,2,2,1
2019-04-12,2,2,2,2,2,2,2,2,2,2,2,2,2,2,2,2,2,2,2,2,2,2,2,2
2019-04-11,2,2,2,2,2,2,2,2,3,3,3,3,3,3,3,3,3,3,3,3,3,3,3,3
2019-04-10,2,2,2,2,2,2,2,2,3,3,3,3,3,3,3,3,3,3,3,3,3,3,3,3
2019-04-09,2,2,2,2,2,2,2,2,3,3,2,2,2,3,3,3,2,2,2,2,2,2,2,2
2019-04-08,2,2,2,2,2,2,2,2,2,2,2,2,2,2,2,2,2,2,2,2,2,2,2,2
2019-04-07,2,2,2,2,2,2,2,2,2,2,2,2,2,2,2,2,2,2,2,2,2,2,2,2
2019-04-06,2,2,2,2,2,2,2,2,2,2,2,2,2,2,2,2,2,2,2,2,2,2,2,2
2019-04-05,2,2,2,2,2,2,2,2,2,2,2,2,2,2,2,2,1,1,2,2,2,2,2,1
2019-04-04,2,2,2,2,2,2,2,2,2,2,2,2,2,2,2,2,2,2,2,2,2,2,2,2
2019-04-03,2,2,2,2,2,2,2,2,2,2,2,2,2,2,2,2,2,2,2,2,2,2,2,2
2019-04-02,1,1,1,1,1,1,1,1,1,1,1,1,1,1,1,1,1,1,1,1,1,1,1,1
2019-04-01,2,2,2,2,2,2,2,2,1,1,2,2,2,2,2,1,1,1,2,2,2,2,2,1
2019-03-31,2,2,2,2,2,2,2,2,1,1,2,2,2,2,2,1,1,1,2,2,2,2,2,1
2019-03-30,2,2,2,2,2,2,2,2,2,2,2,2,2,2,2,2,2,2,2,2,2,2,2,2
2019-03-29,2,2,2,2,2,2,2,2,2,2,2,2,2,2,2,2,3,3,3,3,3,3,3,3
2019-03-28,2,2,2,2,2,2,2,2,2,2,2,2,2,2,2,2,2,2,2,2,2,2,2,2
2019-03-27,2,2,2,2,2,2,2,2,2,2,2,2,2,2,2,2,2,2,2,2,2,2,2,2
2019-03-26,2,2,3,3,3,3,3,2,2,2,3,3,3,3,3,2,2,2,3,3,3,3,3,2
2019-03-25,2,2,3,3,3,3,3,2,2,2,3,3,3,3,3,2,2,2,3,3,3,3,3,2
2019-03-24,1,1,1,1,1,1,1,1,1,1,1,1,1,1,1,1,2,2,2,2,2,2,2,2
2019-03-23,2,2,2,2,2,2,2,2,2,2,2,2,2,2,2,2,2,2,2,2,2,2,2,2
2019-03-22,1,1,1,1,1,1,1,1,1,1,1,1,1,1,1,1,2,2,1,1,1,1,1,2
2019-03-21,1,1,1,1,1,1,1,1,1,1,1,1,1,1,1,1,1,1,1,1,1,1,1,1
2019-03-20,1,1,1,1,1,1,1,1,1,1,1,1,1,1,1,1,2,2,1,1,1,1,1,2
2019-03-19,1,1,1,1,1,1,1,1,1,1,1,1,1,1,1,1,1,1,1,1,1,1,1,1
2019-03-18,2,2,2,2,2,2,2,2,2,2,2,2,2,2,2,2,1,1,2,2,2,2,2,1
2019-03-17,2,2,2,2,2,2,2,2,2,2,2,2,2,2,2,2,1,1,2,2,2,2,2,1
2019-03-16,2,2,2,2,2,2,2,2,2,2,2,2,2,2,2,2,1,1,2,2,2,2,2,1
2019-03-15,2,2,3,3,3,3,3,2,2,2,3,3,3,3,3,2,2,2,3,3,3,3,3,2
2019-03-14,2,2,2,2,2,2,2,2,2,2,2,2,2,2,2,2,3,3,3,3,3,3,3,3
2019-03-13,1,1,1,1,1,1,1,1,2,2,2,2,2,2,2,2,2,2,2,2,2,2,2,2
2019-03-12,2,2,2,2,2,2,2,2,2,2,2,2,2,2,2,2,2,2,2,2,2,2,2,2
2019-03-11,2,2,2,2,2,2,2,2,2,2,2,2,2,2,2,2,2,2,2,2,2,2,2,2
2019-03-10,1,1,1,1,1,1,1,1,2,2,2,2,2,2,2,2,2,2,2,2,2,2,2,2
2019-03-09,2,2,2,2,2,2,2,2,3,3,3,3,3,3,3,3,3,3,3,3,3,3,3,3
2019-03-08,2,2,2,1,1,1,2,2,3,3,3,2,2,2,3,3,3,3,3,3,3,3,3,3
2019-03-07,2,2,2,2,2,2,2,2,3,3,2,2,2,2,3,3,3,3,3,3,3,3,3,3
2019-03-06,2,2,2,2,2,2,2,2,2,2,2,2,2,2,2,2,3,3,3,2,2,3,3,3
2019-03-05,2,2,2,2,2,2,2,2,2,2,2,2,2,2,2,2,2,2,2,2,2,2,2,2
2019-03-04,2,2,2,2,2,2,2,2,2,2,2,2,2,2,2,2,2,2,2,2,2,2,2,2
2019-03-03,1,1,1,1,1,1,1,1,1,1,1,1,1,1,1,1,2,2,2,2,2,2,2,2
2019-03-02,1,1,1,1,1,1,1,1,1,1,1,1,1,1,1,1,2,2,2,2,2,2,2,2
2019-03-01,1,1,1,1,1,1,1,1,2,2,1,1,1,1,2,2,2,2,2,2,2,2,2,2
2019-02-28,1,1,1,1,1,1,1,1,1,1,1,1,1,1,1,1,2,2,2,2,2,2,2,2
2019-02-27,1,1,1,1,1,1,1,1,1,1,1,1,1,1,1,1,2,2,2,2,2,2,2,2
2019-02-26,1,1,1,1,1,1,1,1,2,2,2,2,2,2,2,2,2,2,2,2,2,2,2,2
2019-02-25,1,1,1,1,1,1,1,1,2,2,2,2,2,2,2,2,2,2,2,2,2,2,2,2
2019-02-24,1,1,1,1,1,1,1,1,2,1,1,1,2,2,2,2,2,2,2,2,2,2,2,2
2019-02-23,1,1,1,1,1,1,1,1,2,2,2,2,2,2,2,2,2,1,1,1,2,2,2,2
2019-02-22,1,1,1,1,1,1,1,1,1,1,1,1,1,1,1,1,2,2,2,2,2,2,2,2
2019-02-21,1,1,1,1,1,1,1,1,1,1,1,1,1,1,1,1,2,2,2,2,2,2,2,2
2019-02-20,1,1,1,1,1,1,1,1,1,1,1,1,1,1,1,1,2,2,2,2,2,2,2,2
2019-02-19,1,1,1,1,1,1,1,1,1,1,1,1,1,1,1,1,2,2,2,2,2,2,2,2
2019-02-18,1,1,1,1,1,1,1,1,2,2,2,2,2,2,2,2,2,2,2,2,2,2,2,2
2019-02-17,1,1,1,1,1,1,1,1,2,2,2,2,2,2,2,2,2,2,2,2,2,2,2,2
2019-02-16,1,1,1,1,1,1,1,1,2,2,2,2,2,2,2,2,3,3,2,2,2,2,3,3
2019-02-15,2,2,2,2,2,2,2,2,3,3,3,3,3,3,3,3,3,3,3,3,3,3,3,3
2019-02-14,3,3,3,3,3,3,3,3,3,3,3,3,3,3,3,3,4,4,4,3,3,4,4,4
2019-02-13,2,2,2,2,2,2,2,2,3,3,2,2,2,2,3,3,3,3,3,2,2,3,3,3
2019-02-12,1,1,2,2,2,2,2,1,2,2,2,2,2,2,2,2,2,2,2,2,2,2,2,2
2019-02-11,1,1,1,1,1,1,1,1,2,2,2,2,2,2,2,2,3,3,3,3,3,3,3,3
2019-02-10,1,1,1,1,1,1,1,1,3,3,2,2,2,2,3,3,3,3,3,3,3,3,3,3
2019-02-09,1,1,1,1,1,1,1,1,3,3,2,2,2,2,3,3,3,3,3,3,3,3,3,3
2019-02-08,1,1,2,2,2,2,2,1,3,3,2,2,2,2,3,3,3,3,3,3,3,3,3,3
2019-02-07,2,2,2,2,2,2,2,2,3,3,2,2,3,3,3,3,3,3,3,3,3,3,3,3
2019-02-06,3,3,3,3,3,3,3,3,4,4,4,4,4,4,4,4,4,4,4,4,4,4,4,4
2019-02-05,2,2,2,2,2,2,2,2,3,3,3,3,3,3,3,3,4,4,4,3,3,4,4,4
2019-02-04,2,2,2,2,2,2,2,2,3,3,3,2,2,3,3,3,3,3,3,3,3,3,3,3
2019-02-03,3,3,3,3,3,3,3,3,3,3,3,3,3,3,3,3,3,3,3,3,3,3,3,3
2019-02-02,1,1,1,1,1,1,1,1,2,2,1,1,1,1,2,2,2,2,1,1,1,2,2,2
2019-02-01,1,1,1,1,1,1,1,1,1,1,1,1,1,1,1,1,1,1,1,1,1,1,1,1
2019-01-31,1,1,1,1,1,1,1,1,1,1,1,1,1,1,1,1,1,1,1,1,1,1,1,1
2019-01-30,1,1,1,1,1,1,1,1,1,1,1,1,1,1,1,1,1,1,1,1,1,1,1,1
2019-01-29,1,1,1,1,1,1,1,1,1,1,1,1,1,1,1,1,1,1,1,1,1,1,1,1
2019-01-28,1,1,1,1,1,1,1,1,1,1,1,1,1,1,1,1,2,2,2,2,2,2,2,2
2019-01-27,1,1,1,1,1,1,1,1,1,1,2,2,2,2,2,1,2,2,2,2,2,2,2,2
2019-01-26,1,1,2,2,2,2,2,1,2,2,2,2,2,2,2,2,2,2,2,2,2,2,2,2
2019-01-25,1,1,1,1,1,1,1,1,2,2,2,1,1,2,2,2,2,2,2,2,2,2,2,2
2019-01-24,2,2,2,2,2,2,2,2,3,3,3,3,3,3,3,3,3,3,3,3,3,3,3,3
2019-01-23,2,2,2,2,2,2,2,2,3,3,3,3,3,3,3,3,3,3,3,3,3,3,3,3
2019-01-22,3,3,3,3,3,3,3,3,4,3,3,3,3,4,4,4,4,4,4,4,4,4,4,4
2019-01-21,3,3,3,3,3,3,3,3,4,4,4,4,4,4,4,4,4,4,4,4,4,4,4,4
2019-01-20,2,2,2,2,2,2,2,2,3,3,3,3,3,3,3,3,3,3,3,3,3,3,3,3
2019-01-19,2,2,2,2,2,2,2,2,3,3,3,3,3,3,3,3,4,4,4,4,4,4,4,4
2019-01-18,2,2,2,2,2,2,2,2,4,4,4,4,4,4,4,4,4,4,4,4,4,4,4,4
2019-01-17,3,3,3,3,3,3,3,3,4,4,4,3,3,4,4,4,4,4,4,4,4,4,4,4
2019-01-16,1,1,1,1,1,1,1,1,1,1,1,1,1,1,1,1,2,2,2,1,1,2,2,2
2019-01-15,1,1,1,1,1,1,1,1,1,1,1,1,1,1,1,1,2,2,2,1,1,1,2,2
2019-01-14,1,1,1,1,1,1,1,1,1,1,1,1,1,1,1,1,1,1,1,1,1,1,1,1
2019-01-13,1,1,1,1,1,1,1,1,1,1,1,1,1,1,1,1,1,1,1,1,1,1,1,1
2019-01-12,1,1,1,1,1,1,1,1,2,2,1,1,1,1,2,2,2,2,1,1,1,1,2,2
2019-01-11,1,1,1,1,1,1,1,1,2,2,1,1,1,1,2,2,2,2,2,1,1,1,2,2
2019-01-10,1,1,1,1,1,1,1,1,2,2,2,1,1,1,2,2,2,2,2,2,2,2,2,2
2019-01-09,2,2,2,2,2,2,2,2,2,2,2,2,2,2,2,2,3,3,3,3,3,3,3,3
2019-01-08,3,3,3,3,3,3,3,3,3,3,3,3,3,3,3,3,3,3,3,3,3,3,3,3
2019-01-07,3,3,3,3,3,3,3,3,4,4,4,4,4,4,4,4,4,4,4,4,4,4,4,4
2019-01-06,2,2,2,2,2,2,2,2,3,2,2,2,2,2,3,3,3,3,3,3,3,3,3,3
2019-01-05,1,1,1,1,1,1,1,1,1,1,1,1,1,1,1,1,1,1,1,1,1,1,1,1
2019-01-04,1,1,1,1,1,1,1,1,1,1,1,1,1,1,1,1,1,1,1,1,1,1,1,1
2019-01-03,1,1,1,1,1,1,1,1,1,1,1,1,1,1,1,1,2,2,2,2,2,2,2,2
2019-01-02,1,1,1,1,1,1,1,1,2,2,2,2,2,2,2,2,2,2,2,2,2,2,2,2
2019-01-01,2,2,2,2,2,2,2,2,2,2,2,2,2,2,2,2,3,3,3,3,3,3,3,3
2018-12-31,2,2,2,2,2,2,2,2,2,2,2,2,2,2,2,2,3,3,3,3,3,3,3,3
2018-12-30,1,1,1,1,1,1,1,1,2,2,2,2,2,2,2,2,3,2,2,2,3,3,3,3
2018-12-29,1,1,1,1,1,1,1,1,2,2,2,2,2,2,2,2,2,2,2,2,2,2,2,2
2018-12-28,1,1,1,1,1,1,1,1,2,2,2,2,2,2,1,1,3,3,3,3,3,3,2,2
2018-12-27,1,1,1,1,1,1,1,1,1,1,1,1,1,1,1,1,2,2,2,2,2,2,2,2
2018-12-26,1,1,1,1,1,1,1,1,2,2,1,1,1,2,2,2,2,2,2,2,2,2,2,2
2018-12-25,1,1,1,1,1,1,1,1,1,1,1,1,1,1,1,1,2,2,1,1,1,1,2,2
2018-12-24,1,1,1,1,1,1,1,1,1,1,1,1,1,1,1,1,2,2,2,2,2,2,2,2
2018-12-23,1,1,1,1,1,1,1,1,2,2,1,1,1,1,2,2,2,2,2,2,2,2,2,2
2018-12-22,1,1,1,1,1,1,1,1,2,2,2,2,2,2,2,2,2,2,2,2,2,2,2,2
2018-12-21,1,1,1,1,1,1,1,1,1,1,1,1,1,1,1,1,1,1,1,1,1,1,1,1
2018-12-20,1,1,1,1,1,1,1,1,1,1,1,1,1,1,1,1,1,1,1,1,1,1,1,1
2018-12-19,1,1,1,1,1,1,1,1,1,1,1,1,1,1,1,1,2,2,1,1,1,2,2,2
2018-12-18,1,1,1,1,1,1,1,1,1,1,1,1,1,1,1,1,2,2,1,1,1,1,2,2
2018-12-17,1,1,1,1,1,1,1,1,1,1,1,1,1,1,1,1,2,2,1,1,1,1,2,2
2018-12-16,1,1,1,1,1,1,1,1,1,1,1,1,1,1,1,1,2,2,1,1,1,1,2,2
2018-12-15,1,1,1,1,1,1,1,1,2,2,1,1,1,1,2,2,2,2,2,1,1,2,2,2
2018-12-14,1,1,1,1,1,1,1,1,2,2,1,1,1,1,2,2,2,2,2,1,1,2,2,2
2018-12-13,1,1,1,1,1,1,1,1,2,2,1,1,2,2,2,2,3,2,2,2,2,3,3,3
2018-12-12,1,1,1,1,1,1,1,1,2,2,2,2,2,2,2,2,2,2,2,2,2,2,2,2
2018-12-11,1,1,1,1,1,1,1,1,2,2,1,1,1,1,2,2,2,2,2,1,1,2,2,2
2018-12-10,1,1,1,1,1,1,1,1,2,2,1,1,1,1,2,2,2,2,2,1,1,2,2,2
2018-12-09,1,1,1,1,1,1,1,1,2,2,1,1,1,1,2,2,2,2,2,1,1,2,2,2
2018-12-08,1,1,1,1,1,1,1,1,2,2,1,1,1,1,2,2,3,3,2,1,1,2,3,3
2018-12-07,1,1,1,1,1,1,1,1,2,2,1,1,1,1,2,2,3,3,2,1,1,2,3,3
2018-12-06,1,1,1,1,1,1,1,1,3,3,1,1,1,1,3,3,3,3,2,2,2,2,3,3
2018-12-05,1,1,1,1,1,1,1,1,3,3,1,1,1,1,3,3,3,3,2,2,2,2,3,3
2018-12-04,1,1,1,1,1,1,1,1,3,3,1,1,1,1,3,3,3,3,2,1,1,2,3,3
2018-12-03,1,1,1,1,1,1,1,1,3,3,2,1,1,2,3,3,3,3,2,2,2,2,3,3
2018-12-02,1,1,1,1,1,1,1,1,3,3,2,1,1,2,3,3,3,3,2,2,2,2,3,3
2018-12-01,1,1,1,1,1,1,1,1,3,3,2,2,2,3,3,3,4,4,3,3,3,3,4,4
